group_id;experimenter_id;participant_id;bodypart;trial;distance;stim_type;response
pickles;naranja;orange;fingertip;1;;one point;1
pickles;naranja;orange;fingertip;2;4mm;two points;2
pickles;naranja;orange;fingertip;3;4mm;two points;2
pickles;naranja;orange;fingertip;4;5mm;two points;2
pickles;naranja;orange;fingertip;5;4mm;two points;2
pickles;naranja;orange;fingertip;6;;one point;1
pickles;naranja;orange;fingertip;7;4mm;two points;2
pickles;naranja;orange;fingertip;8;4mm;two points;2
pickles;naranja;orange;fingertip;9;;one point;1
pickles;naranja;orange;fingertip;10;5mm;two points;2
pickles;naranja;orange;fingertip;11;2mm;two points;1
pickles;naranja;orange;fingertip;12;;one point;1
pickles;naranja;orange;fingertip;13;4mm;two points;2
pickles;naranja;orange;fingertip;14;;one point;1
pickles;naranja;orange;fingertip;15;1mm;two points;2
pickles;naranja;orange;fingertip;16;3mm;two points;2
pickles;naranja;orange;fingertip;17;;one point;1
pickles;naranja;orange;fingertip;18;;one point;1
pickles;naranja;orange;fingertip;19;;one point;1
pickles;naranja;orange;fingertip;20;3mm;two points;2
pickles;naranja;orange;fingertip;21;;one point;1
pickles;naranja;orange;fingertip;22;3mm;two points;2
pickles;naranja;orange;fingertip;23;;one point;1
pickles;naranja;orange;fingertip;24;5mm;two points;2
pickles;naranja;orange;fingertip;25;;one point;1
pickles;naranja;orange;fingertip;26;;one point;1
pickles;naranja;orange;fingertip;27;;one point;1
pickles;naranja;orange;fingertip;28;3mm;two points;2
pickles;naranja;orange;fingertip;29;;one point;1
pickles;naranja;orange;fingertip;30;;one point;1
pickles;naranja;orange;fingertip;31;1mm;two points;2
pickles;naranja;orange;fingertip;32;;one point;1
pickles;naranja;orange;fingertip;33;2mm;two points;2
pickles;naranja;orange;fingertip;34;;one point;1
pickles;naranja;orange;fingertip;35;3mm;two points;2
pickles;naranja;orange;fingertip;36;2mm;two points;2
pickles;naranja;orange;fingertip;37;3mm;two points;2
pickles;naranja;orange;fingertip;38;;one point;1
pickles;naranja;orange;fingertip;39;3mm;two points;2
pickles;naranja;orange;fingertip;40;2mm;two points;2
pickles;naranja;orange;fingertip;41;;one point;1
pickles;naranja;orange;fingertip;42;;one point;1
pickles;naranja;orange;fingertip;43;;one point;1
pickles;naranja;orange;fingertip;44;1mm;two points;1
pickles;naranja;orange;fingertip;45;3mm;two points;2
pickles;naranja;orange;fingertip;46;3mm;two points;2
pickles;naranja;orange;fingertip;47;1mm;two points;1
pickles;naranja;orange;fingertip;48;2mm;two points;2
pickles;naranja;orange;fingertip;49;;one point;1
pickles;naranja;orange;fingertip;50;5mm;two points;2
pickles;naranja;orange;fingertip;51;;one point;1
pickles;naranja;orange;fingertip;52;;one point;1
pickles;naranja;orange;fingertip;53;;one point;1
pickles;naranja;orange;fingertip;54;4mm;two points;2
pickles;naranja;orange;fingertip;55;1mm;two points;1
pickles;naranja;orange;fingertip;56;;one point;1
pickles;naranja;orange;fingertip;57;5mm;two points;2
pickles;naranja;orange;fingertip;58;2mm;two points;2
pickles;naranja;orange;fingertip;59;;one point;1
pickles;naranja;orange;fingertip;60;;one point;1
pickles;naranja;orange;fingertip;61;;one point;1
pickles;naranja;orange;fingertip;62;;one point;1
pickles;naranja;orange;fingertip;63;2mm;two points;2
pickles;naranja;orange;fingertip;64;2mm;two points;2
pickles;naranja;orange;fingertip;65;2mm;two points;2
pickles;naranja;orange;fingertip;66;;one point;1
pickles;naranja;orange;fingertip;67;;one point;1
pickles;naranja;orange;fingertip;68;1mm;two points;2
pickles;naranja;orange;fingertip;69;;one point;1
pickles;naranja;orange;fingertip;70;;one point;1
pickles;naranja;orange;fingertip;71;;one point;1
pickles;naranja;orange;fingertip;72;2mm;two points;2
pickles;naranja;orange;fingertip;73;2mm;two points;2
pickles;naranja;orange;fingertip;74;1mm;two points;2
pickles;naranja;orange;fingertip;75;;one point;1
pickles;naranja;orange;fingertip;76;;one point;1
pickles;naranja;orange;fingertip;77;5mm;two points;2
pickles;naranja;orange;fingertip;78;5mm;two points;2
pickles;naranja;orange;fingertip;79;;one point;1
pickles;naranja;orange;fingertip;80;1mm;two points;1
pickles;naranja;orange;fingertip;81;4mm;two points;2
pickles;naranja;orange;fingertip;82;2mm;two points;2
pickles;naranja;orange;fingertip;83;;one point;1
pickles;naranja;orange;fingertip;84;1mm;two points;1
pickles;naranja;orange;fingertip;85;;one point;1
pickles;naranja;orange;fingertip;86;5mm;two points;2
pickles;naranja;orange;fingertip;87;;one point;1
pickles;naranja;orange;fingertip;88;;one point;1
pickles;naranja;orange;fingertip;89;5mm;two points;2
pickles;naranja;orange;fingertip;90;;one point;1
pickles;naranja;orange;fingertip;91;;one point;1
pickles;naranja;orange;fingertip;92;4mm;two points;2
pickles;naranja;orange;fingertip;93;;one point;1
pickles;naranja;orange;fingertip;94;4mm;two points;2
pickles;naranja;orange;fingertip;95;;one point;1
pickles;naranja;orange;fingertip;96;3mm;two points;2
pickles;naranja;orange;fingertip;97;;one point;1
pickles;naranja;orange;fingertip;98;;one point;1
pickles;naranja;orange;fingertip;99;3mm;two points;2
pickles;naranja;orange;fingertip;100;;one point;1
pickles;naranja;orange;fingertip;101;;one point;1
pickles;naranja;orange;fingertip;102;;one point;1
pickles;naranja;orange;fingertip;103;5mm;two points;2
pickles;naranja;orange;fingertip;104;;one point;1
pickles;naranja;orange;fingertip;105;;one point;1
pickles;naranja;orange;fingertip;106;;one point;1
pickles;naranja;orange;fingertip;107;;one point;1
pickles;naranja;orange;fingertip;108;3mm;two points;2
pickles;naranja;orange;fingertip;109;5mm;two points;2
pickles;naranja;orange;fingertip;110;4mm;two points;2
pickles;naranja;orange;fingertip;111;1mm;two points;2
pickles;naranja;orange;fingertip;112;5mm;two points;2
pickles;naranja;orange;fingertip;113;1mm;two points;1
pickles;naranja;orange;fingertip;114;;one point;1
pickles;naranja;orange;fingertip;115;;one point;1
pickles;naranja;orange;fingertip;116;;one point;1
pickles;naranja;orange;fingertip;117;4mm;two points;2
pickles;naranja;orange;fingertip;118;;one point;1
pickles;naranja;orange;fingertip;119;1mm;two points;2
pickles;naranja;orange;fingertip;120;;one point;1
pickles;banana;orange;upperarm;1;;one point;1
pickles;banana;orange;upperarm;2;45mm;two points;2
pickles;banana;orange;upperarm;3;;one point;1
pickles;banana;orange;upperarm;4;30mm;two points;1
pickles;banana;orange;upperarm;5;35mm;two points;1
pickles;banana;orange;upperarm;6;35mm;two points;1
pickles;banana;orange;upperarm;7;;one point;1
pickles;banana;orange;upperarm;8;40mm;two points;1
pickles;banana;orange;upperarm;9;35mm;two points;2
pickles;banana;orange;upperarm;10;40mm;two points;2
pickles;banana;orange;upperarm;11;45mm;two points;2
pickles;banana;orange;upperarm;12;30mm;two points;1
pickles;banana;orange;upperarm;13;;one point;1
pickles;banana;orange;upperarm;14;;one point;1
pickles;banana;orange;upperarm;15;45mm;two points;2
pickles;banana;orange;upperarm;16;;one point;2
pickles;banana;orange;upperarm;17;;one point;1
pickles;banana;orange;upperarm;18;40mm;two points;1
pickles;banana;orange;upperarm;19;25mm;two points;1
pickles;banana;orange;upperarm;20;30mm;two points;2
pickles;banana;orange;upperarm;21;45mm;two points;2
pickles;banana;orange;upperarm;22;25mm;two points;2
pickles;banana;orange;upperarm;23;40mm;two points;2
pickles;banana;orange;upperarm;24;30mm;two points;2
pickles;banana;orange;upperarm;25;45mm;two points;2
pickles;banana;orange;upperarm;26;;one point;1
pickles;banana;orange;upperarm;27;;one point;2
pickles;banana;orange;upperarm;28;;one point;1
pickles;banana;orange;upperarm;29;;one point;2
pickles;banana;orange;upperarm;30;;one point;2
pickles;banana;orange;upperarm;31;35mm;two points;2
pickles;banana;orange;upperarm;32;;one point;2
pickles;banana;orange;upperarm;33;25mm;two points;2
pickles;banana;orange;upperarm;34;;one point;1
pickles;banana;orange;upperarm;35;;one point;2
pickles;banana;orange;upperarm;36;25mm;two points;2
pickles;banana;orange;upperarm;37;;one point;2
pickles;banana;orange;upperarm;38;;one point;1
pickles;banana;orange;upperarm;39;;one point;1
pickles;banana;orange;upperarm;40;45mm;two points;2
pickles;banana;orange;upperarm;41;;one point;2
pickles;banana;orange;upperarm;42;25mm;two points;2
pickles;banana;orange;upperarm;43;;one point;2
pickles;banana;orange;upperarm;44;;one point;1
pickles;banana;orange;upperarm;45;;one point;1
pickles;banana;orange;upperarm;46;30mm;two points;1
pickles;banana;orange;upperarm;47;;one point;1
pickles;banana;orange;upperarm;48;;one point;1
pickles;banana;orange;upperarm;49;40mm;two points;2
pickles;banana;orange;upperarm;50;;one point;1
pickles;banana;orange;upperarm;51;;one point;1
pickles;banana;orange;upperarm;52;;one point;1
pickles;banana;orange;upperarm;53;45mm;two points;1
pickles;banana;orange;upperarm;54;;one point;1
pickles;banana;orange;upperarm;55;;one point;2
pickles;banana;orange;upperarm;56;30mm;two points;1
pickles;banana;orange;upperarm;57;;one point;1
pickles;banana;orange;upperarm;58;;one point;1
pickles;banana;orange;upperarm;59;25mm;two points;1
pickles;banana;orange;upperarm;60;;one point;1
pickles;banana;orange;upperarm;61;;one point;1
pickles;banana;orange;upperarm;62;;one point;1
pickles;banana;orange;upperarm;63;;one point;1
pickles;banana;orange;upperarm;64;30mm;two points;1
pickles;banana;orange;upperarm;65;40mm;two points;2
pickles;banana;orange;upperarm;66;;one point;1
pickles;banana;orange;upperarm;67;35mm;two points;1
pickles;banana;orange;upperarm;68;30mm;two points;1
pickles;banana;orange;upperarm;69;40mm;two points;2
pickles;banana;orange;upperarm;70;;one point;1
pickles;banana;orange;upperarm;71;35mm;two points;1
pickles;banana;orange;upperarm;72;40mm;two points;1
pickles;banana;orange;upperarm;73;30mm;two points;1
pickles;banana;orange;upperarm;74;45mm;two points;1
pickles;banana;orange;upperarm;75;;one point;1
pickles;banana;orange;upperarm;76;;one point;1
pickles;banana;orange;upperarm;77;30mm;two points;1
pickles;banana;orange;upperarm;78;25mm;two points;1
pickles;banana;orange;upperarm;79;45mm;two points;1
pickles;banana;orange;upperarm;80;25mm;two points;2
pickles;banana;orange;upperarm;81;35mm;two points;1
pickles;banana;orange;upperarm;82;;one point;1
pickles;banana;orange;upperarm;83;;one point;1
pickles;banana;orange;upperarm;84;;one point;1
pickles;banana;orange;upperarm;85;45mm;two points;2
pickles;banana;orange;upperarm;86;;one point;2
pickles;banana;orange;upperarm;87;30mm;two points;2
pickles;banana;orange;upperarm;88;40mm;two points;2
pickles;banana;orange;upperarm;89;30mm;two points;2
pickles;banana;orange;upperarm;90;;one point;2
pickles;banana;orange;upperarm;91;;one point;2
pickles;banana;orange;upperarm;92;35mm;two points;2
pickles;banana;orange;upperarm;93;40mm;two points;2
pickles;banana;orange;upperarm;94;45mm;two points;2
pickles;banana;orange;upperarm;95;40mm;two points;2
pickles;banana;orange;upperarm;96;;one point;2
pickles;banana;orange;upperarm;97;;one point;1
pickles;banana;orange;upperarm;98;35mm;two points;2
pickles;banana;orange;upperarm;99;;one point;2
pickles;banana;orange;upperarm;100;35mm;two points;1
pickles;banana;orange;upperarm;101;;one point;1
pickles;banana;orange;upperarm;102;;one point;1
pickles;banana;orange;upperarm;103;;one point;1
pickles;banana;orange;upperarm;104;;one point;1
pickles;banana;orange;upperarm;105;;one point;1
pickles;banana;orange;upperarm;106;;one point;1
pickles;banana;orange;upperarm;107;;one point;1
pickles;banana;orange;upperarm;108;40mm;two points;2
pickles;banana;orange;upperarm;109;;one point;2
pickles;banana;orange;upperarm;110;25mm;two points;1
pickles;banana;orange;upperarm;111;;one point;1
pickles;banana;orange;upperarm;112;25mm;two points;1
pickles;banana;orange;upperarm;113;25mm;two points;1
pickles;banana;orange;upperarm;114;45mm;two points;2
pickles;banana;orange;upperarm;115;;one point;1
pickles;banana;orange;upperarm;116;;one point;2
pickles;banana;orange;upperarm;117;;one point;1
pickles;banana;orange;upperarm;118;35mm;two points;1
pickles;banana;orange;upperarm;119;35mm;two points;1
pickles;banana;orange;upperarm;120;25mm;two points;1
gom;poke;fart;fingertip;1;;one point;1
gom;poke;fart;fingertip;2;4mm;two points;2
gom;poke;fart;fingertip;3;4mm;two points;2
gom;poke;fart;fingertip;4;5mm;two points;2
gom;poke;fart;fingertip;5;4mm;two points;2
gom;poke;fart;fingertip;6;;one point;1
gom;poke;fart;fingertip;7;4mm;two points;2
gom;poke;fart;fingertip;8;4mm;two points;2
gom;poke;fart;fingertip;9;;one point;1
gom;poke;fart;fingertip;10;5mm;two points;2
gom;poke;fart;fingertip;11;2mm;two points;2
gom;poke;fart;fingertip;12;;one point;1
gom;poke;fart;fingertip;13;4mm;two points;2
gom;poke;fart;fingertip;14;;one point;1
gom;poke;fart;fingertip;15;1mm;two points;2
gom;poke;fart;fingertip;16;3mm;two points;2
gom;poke;fart;fingertip;17;;one point;1
gom;poke;fart;fingertip;18;;one point;1
gom;poke;fart;fingertip;19;;one point;1
gom;poke;fart;fingertip;20;3mm;two points;2
gom;poke;fart;fingertip;21;;one point;1
gom;poke;fart;fingertip;22;3mm;two points;2
gom;poke;fart;fingertip;23;;one point;1
gom;poke;fart;fingertip;24;5mm;two points;2
gom;poke;fart;fingertip;25;;one point;1
gom;poke;fart;fingertip;26;;one point;1
gom;poke;fart;fingertip;27;;one point;1
gom;poke;fart;fingertip;28;3mm;two points;2
gom;poke;fart;fingertip;29;;one point;1
gom;poke;fart;fingertip;30;;one point;1
gom;poke;fart;fingertip;31;1mm;two points;2
gom;poke;fart;fingertip;32;;one point;1
gom;poke;fart;fingertip;33;2mm;two points;2
gom;poke;fart;fingertip;34;;one point;1
gom;poke;fart;fingertip;35;3mm;two points;2
gom;poke;fart;fingertip;36;2mm;two points;2
gom;poke;fart;fingertip;37;3mm;two points;2
gom;poke;fart;fingertip;38;;one point;1
gom;poke;fart;fingertip;39;3mm;two points;2
gom;poke;fart;fingertip;40;2mm;two points;2
gom;poke;fart;fingertip;41;;one point;1
gom;poke;fart;fingertip;42;;one point;1
gom;poke;fart;fingertip;43;;one point;1
gom;poke;fart;fingertip;44;1mm;two points;2
gom;poke;fart;fingertip;45;3mm;two points;2
gom;poke;fart;fingertip;46;3mm;two points;2
gom;poke;fart;fingertip;47;1mm;two points;2
gom;poke;fart;fingertip;48;2mm;two points;2
gom;poke;fart;fingertip;49;;one point;1
gom;poke;fart;fingertip;50;5mm;two points;2
gom;poke;fart;fingertip;51;;one point;1
gom;poke;fart;fingertip;52;;one point;1
gom;poke;fart;fingertip;53;;one point;1
gom;poke;fart;fingertip;54;4mm;two points;2
gom;poke;fart;fingertip;55;1mm;two points;2
gom;poke;fart;fingertip;56;;one point;1
gom;poke;fart;fingertip;57;5mm;two points;2
gom;poke;fart;fingertip;58;2mm;two points;2
gom;poke;fart;fingertip;59;;one point;1
gom;poke;fart;fingertip;60;;one point;1
gom;poke;fart;fingertip;61;;one point;1
gom;poke;fart;fingertip;62;;one point;1
gom;poke;fart;fingertip;63;2mm;two points;2
gom;poke;fart;fingertip;64;2mm;two points;2
gom;poke;fart;fingertip;65;2mm;two points;2
gom;poke;fart;fingertip;66;;one point;1
gom;poke;fart;fingertip;67;;one point;1
gom;poke;fart;fingertip;68;1mm;two points;2
gom;poke;fart;fingertip;69;;one point;1
gom;poke;fart;fingertip;70;;one point;1
gom;poke;fart;fingertip;71;;one point;1
gom;poke;fart;fingertip;72;2mm;two points;2
gom;poke;fart;fingertip;73;2mm;two points;2
gom;poke;fart;fingertip;74;1mm;two points;2
gom;poke;fart;fingertip;75;;one point;1
gom;poke;fart;fingertip;76;;one point;1
gom;poke;fart;fingertip;77;5mm;two points;2
gom;poke;fart;fingertip;78;5mm;two points;2
gom;poke;fart;fingertip;79;;one point;1
gom;poke;fart;fingertip;80;1mm;two points;2
gom;poke;fart;fingertip;81;4mm;two points;2
gom;poke;fart;fingertip;82;2mm;two points;2
gom;poke;fart;fingertip;83;;one point;1
gom;poke;fart;fingertip;84;1mm;two points;2
gom;poke;fart;fingertip;85;;one point;1
gom;poke;fart;fingertip;86;5mm;two points;2
gom;poke;fart;fingertip;87;;one point;1
gom;poke;fart;fingertip;88;;one point;1
gom;poke;fart;fingertip;89;5mm;two points;2
gom;poke;fart;fingertip;90;;one point;1
gom;poke;fart;fingertip;91;;one point;1
gom;poke;fart;fingertip;92;4mm;two points;2
gom;poke;fart;fingertip;93;;one point;1
gom;poke;fart;fingertip;94;4mm;two points;2
gom;poke;fart;fingertip;95;;one point;1
gom;poke;fart;fingertip;96;3mm;two points;2
gom;poke;fart;fingertip;97;;one point;1
gom;poke;fart;fingertip;98;;one point;1
gom;poke;fart;fingertip;99;3mm;two points;2
gom;poke;fart;fingertip;100;;one point;1
gom;poke;fart;fingertip;101;;one point;1
gom;poke;fart;fingertip;102;;one point;1
gom;poke;fart;fingertip;103;5mm;two points;2
gom;poke;fart;fingertip;104;;one point;1
gom;poke;fart;fingertip;105;;one point;1
gom;poke;fart;fingertip;106;;one point;1
gom;poke;fart;fingertip;107;;one point;1
gom;poke;fart;fingertip;108;3mm;two points;2
gom;poke;fart;fingertip;109;5mm;two points;2
gom;poke;fart;fingertip;110;4mm;two points;2
gom;poke;fart;fingertip;111;1mm;two points;2
gom;poke;fart;fingertip;112;5mm;two points;2
gom;poke;fart;fingertip;113;1mm;two points;2
gom;poke;fart;fingertip;114;;one point;1
gom;poke;fart;fingertip;115;;one point;1
gom;poke;fart;fingertip;116;;one point;1
gom;poke;fart;fingertip;117;4mm;two points;2
gom;poke;fart;fingertip;118;;one point;1
gom;poke;fart;fingertip;119;1mm;two points;2
gom;poke;fart;fingertip;120;;one point;1
gom;poke;fart;upperarm;1;;one point;1
gom;poke;fart;upperarm;2;45mm;two points;2
gom;poke;fart;upperarm;3;;one point;1
gom;poke;fart;upperarm;4;30mm;two points;2
gom;poke;fart;upperarm;5;35mm;two points;1
gom;poke;fart;upperarm;6;35mm;two points;1
gom;poke;fart;upperarm;7;;one point;1
gom;poke;fart;upperarm;8;40mm;two points;2
gom;poke;fart;upperarm;9;35mm;two points;2
gom;poke;fart;upperarm;10;40mm;two points;2
gom;poke;fart;upperarm;11;45mm;two points;2
gom;poke;fart;upperarm;12;30mm;two points;2
gom;poke;fart;upperarm;13;;one point;1
gom;poke;fart;upperarm;14;;one point;1
gom;poke;fart;upperarm;15;45mm;two points;2
gom;poke;fart;upperarm;16;;one point;2
gom;poke;fart;upperarm;17;;one point;2
gom;poke;fart;upperarm;18;40mm;two points;1
gom;poke;fart;upperarm;19;25mm;two points;2
gom;poke;fart;upperarm;20;30mm;two points;2
gom;poke;fart;upperarm;21;45mm;two points;1
gom;poke;fart;upperarm;22;25mm;two points;1
gom;poke;fart;upperarm;23;40mm;two points;1
gom;poke;fart;upperarm;24;30mm;two points;2
gom;poke;fart;upperarm;25;45mm;two points;2
gom;poke;fart;upperarm;26;;one point;1
gom;poke;fart;upperarm;27;;one point;2
gom;poke;fart;upperarm;28;;one point;2
gom;poke;fart;upperarm;29;;one point;1
gom;poke;fart;upperarm;30;;one point;1
gom;poke;fart;upperarm;31;35mm;two points;2
gom;poke;fart;upperarm;32;;one point;2
gom;poke;fart;upperarm;33;25mm;two points;2
gom;poke;fart;upperarm;34;;one point;2
gom;poke;fart;upperarm;35;;one point;2
gom;poke;fart;upperarm;36;25mm;two points;2
gom;poke;fart;upperarm;37;;one point;2
gom;poke;fart;upperarm;38;;one point;1
gom;poke;fart;upperarm;39;;one point;1
gom;poke;fart;upperarm;40;45mm;two points;2
gom;poke;fart;upperarm;41;;one point;1
gom;poke;fart;upperarm;42;25mm;two points;2
gom;poke;fart;upperarm;43;;one point;2
gom;poke;fart;upperarm;44;;one point;1
gom;poke;fart;upperarm;45;;one point;2
gom;poke;fart;upperarm;46;30mm;two points;2
gom;poke;fart;upperarm;47;;one point;1
gom;poke;fart;upperarm;48;;one point;1
gom;poke;fart;upperarm;49;40mm;two points;1
gom;poke;fart;upperarm;50;;one point;1
gom;poke;fart;upperarm;51;;one point;1
gom;poke;fart;upperarm;52;;one point;1
gom;poke;fart;upperarm;53;45mm;two points;2
gom;poke;fart;upperarm;54;;one point;1
gom;poke;fart;upperarm;55;;one point;1
gom;poke;fart;upperarm;56;30mm;two points;2
gom;poke;fart;upperarm;57;;one point;1
gom;poke;fart;upperarm;58;;one point;1
gom;poke;fart;upperarm;59;25mm;two points;1
gom;poke;fart;upperarm;60;;one point;1
gom;poke;fart;upperarm;61;;one point;1
gom;poke;fart;upperarm;62;;one point;1
gom;poke;fart;upperarm;63;;one point;1
gom;poke;fart;upperarm;64;30mm;two points;2
gom;poke;fart;upperarm;65;40mm;two points;1
gom;poke;fart;upperarm;66;;one point;2
gom;poke;fart;upperarm;67;35mm;two points;2
gom;poke;fart;upperarm;68;30mm;two points;2
gom;poke;fart;upperarm;69;40mm;two points;2
gom;poke;fart;upperarm;70;;one point;1
gom;poke;fart;upperarm;71;35mm;two points;2
gom;poke;fart;upperarm;72;40mm;two points;2
gom;poke;fart;upperarm;73;30mm;two points;2
gom;poke;fart;upperarm;74;45mm;two points;2
gom;poke;fart;upperarm;75;;one point;2
gom;poke;fart;upperarm;76;;one point;1
gom;poke;fart;upperarm;77;30mm;two points;2
gom;poke;fart;upperarm;78;25mm;two points;2
gom;poke;fart;upperarm;79;45mm;two points;2
gom;poke;fart;upperarm;80;25mm;two points;2
gom;poke;fart;upperarm;81;35mm;two points;2
gom;poke;fart;upperarm;82;;one point;1
gom;poke;fart;upperarm;83;;one point;1
gom;poke;fart;upperarm;84;;one point;2
gom;poke;fart;upperarm;85;45mm;two points;2
gom;poke;fart;upperarm;86;;one point;2
gom;poke;fart;upperarm;87;30mm;two points;2
gom;poke;fart;upperarm;88;40mm;two points;2
gom;poke;fart;upperarm;89;30mm;two points;1
gom;poke;fart;upperarm;90;;one point;1
gom;poke;fart;upperarm;91;;one point;1
gom;poke;fart;upperarm;92;35mm;two points;2
gom;poke;fart;upperarm;93;40mm;two points;2
gom;poke;fart;upperarm;94;45mm;two points;2
gom;poke;fart;upperarm;95;40mm;two points;2
gom;poke;fart;upperarm;96;;one point;1
gom;poke;fart;upperarm;97;;one point;2
gom;poke;fart;upperarm;98;35mm;two points;2
gom;poke;fart;upperarm;99;;one point;2
gom;poke;fart;upperarm;100;35mm;two points;2
gom;poke;fart;upperarm;101;;one point;1
gom;poke;fart;upperarm;102;;one point;1
gom;poke;fart;upperarm;103;;one point;1
gom;poke;fart;upperarm;104;;one point;1
gom;poke;fart;upperarm;105;;one point;1
gom;poke;fart;upperarm;106;;one point;1
gom;poke;fart;upperarm;107;;one point;1
gom;poke;fart;upperarm;108;40mm;two points;2
gom;poke;fart;upperarm;109;;one point;1
gom;poke;fart;upperarm;110;25mm;two points;1
gom;poke;fart;upperarm;111;;one point;2
gom;poke;fart;upperarm;112;25mm;two points;2
gom;poke;fart;upperarm;113;25mm;two points;2
gom;poke;fart;upperarm;114;45mm;two points;2
gom;poke;fart;upperarm;115;;one point;1
gom;poke;fart;upperarm;116;;one point;1
gom;poke;fart;upperarm;117;;one point;1
gom;poke;fart;upperarm;118;35mm;two points;1
gom;poke;fart;upperarm;119;35mm;two points;1
gom;poke;fart;upperarm;120;25mm;two points;1
lol;888;aurafarming;fingertip;1;;one point;1
lol;888;aurafarming;fingertip;2;4mm;two points;2
lol;888;aurafarming;fingertip;3;4mm;two points;2
lol;888;aurafarming;fingertip;4;5mm;two points;2
lol;888;aurafarming;fingertip;5;4mm;two points;2
lol;888;aurafarming;fingertip;6;;one point;1
lol;888;aurafarming;fingertip;7;4mm;two points;2
lol;888;aurafarming;fingertip;8;4mm;two points;2
lol;888;aurafarming;fingertip;9;;one point;1
lol;888;aurafarming;fingertip;10;5mm;two points;2
lol;888;aurafarming;fingertip;11;2mm;two points;1
lol;888;aurafarming;fingertip;12;;one point;1
lol;888;aurafarming;fingertip;13;4mm;two points;2
lol;888;aurafarming;fingertip;14;;one point;1
lol;888;aurafarming;fingertip;15;1mm;two points;1
lol;888;aurafarming;fingertip;16;3mm;two points;2
lol;888;aurafarming;fingertip;17;;one point;1
lol;888;aurafarming;fingertip;18;;one point;1
lol;888;aurafarming;fingertip;19;;one point;1
lol;888;aurafarming;fingertip;20;3mm;two points;2
lol;888;aurafarming;fingertip;21;;one point;1
lol;888;aurafarming;fingertip;22;3mm;two points;2
lol;888;aurafarming;fingertip;23;;one point;1
lol;888;aurafarming;fingertip;24;5mm;two points;2
lol;888;aurafarming;fingertip;25;;one point;1
lol;888;aurafarming;fingertip;26;;one point;1
lol;888;aurafarming;fingertip;27;;one point;1
lol;888;aurafarming;fingertip;28;3mm;two points;2
lol;888;aurafarming;fingertip;29;;one point;1
lol;888;aurafarming;fingertip;30;;one point;1
lol;888;aurafarming;fingertip;31;1mm;two points;1
lol;888;aurafarming;fingertip;32;;one point;1
lol;888;aurafarming;fingertip;33;2mm;two points;2
lol;888;aurafarming;fingertip;34;;one point;1
lol;888;aurafarming;fingertip;35;3mm;two points;2
lol;888;aurafarming;fingertip;36;2mm;two points;2
lol;888;aurafarming;fingertip;37;3mm;two points;2
lol;888;aurafarming;fingertip;38;;one point;1
lol;888;aurafarming;fingertip;39;3mm;two points;1
lol;888;aurafarming;fingertip;40;2mm;two points;2
lol;dab;888;fingertip;41;;one point;1
lol;dab;888;fingertip;42;;one point;1
lol;dab;888;fingertip;43;;one point;1
lol;dab;888;fingertip;44;1mm;two points;2
lol;dab;888;fingertip;45;3mm;two points;2
lol;dab;888;fingertip;46;3mm;two points;2
lol;dab;888;fingertip;47;1mm;two points;2
lol;dab;888;fingertip;48;2mm;two points;2
lol;dab;888;fingertip;49;;one point;1
lol;dab;888;fingertip;50;5mm;two points;2
lol;dab;888;fingertip;51;;one point;1
lol;dab;888;fingertip;52;;one point;1
lol;dab;888;fingertip;53;;one point;1
lol;dab;888;fingertip;54;4mm;two points;2
lol;dab;888;fingertip;55;1mm;two points;2
lol;dab;888;fingertip;56;;one point;1
lol;dab;888;fingertip;57;5mm;two points;2
lol;dab;888;fingertip;58;2mm;two points;2
lol;dab;888;fingertip;59;;one point;1
lol;dab;888;fingertip;60;;one point;1
lol;dab;888;fingertip;61;;one point;1
lol;dab;888;fingertip;62;;one point;1
lol;dab;888;fingertip;63;2mm;two points;2
lol;dab;888;fingertip;64;2mm;two points;2
lol;dab;888;fingertip;65;2mm;two points;2
lol;dab;888;fingertip;66;;one point;1
lol;dab;888;fingertip;67;;one point;1
lol;dab;888;fingertip;68;1mm;two points;2
lol;dab;888;fingertip;69;;one point;1
lol;dab;888;fingertip;70;;one point;1
lol;dab;888;fingertip;71;;one point;1
lol;dab;888;fingertip;72;2mm;two points;2
lol;dab;888;fingertip;73;2mm;two points;1
lol;dab;888;fingertip;74;1mm;two points;2
lol;dab;888;fingertip;75;;one point;1
lol;dab;888;fingertip;76;;one point;1
lol;dab;888;fingertip;77;5mm;two points;2
lol;dab;888;fingertip;78;5mm;two points;2
lol;dab;888;fingertip;79;;one point;1
lol;dab;888;fingertip;80;1mm;two points;2
lol;dab;888;fingertip;81;4mm;two points;2
lol;dab;888;fingertip;82;2mm;two points;2
lol;aurafarming;dab;fingertip;83;;one point;1
lol;aurafarming;dab;fingertip;84;1mm;two points;1
lol;aurafarming;dab;fingertip;85;;one point;1
lol;aurafarming;dab;fingertip;86;5mm;two points;2
lol;aurafarming;dab;fingertip;87;;one point;1
lol;aurafarming;dab;fingertip;88;;one point;1
lol;aurafarming;dab;fingertip;89;5mm;two points;2
lol;aurafarming;dab;fingertip;90;;one point;1
lol;aurafarming;dab;fingertip;91;;one point;1
lol;aurafarming;dab;fingertip;92;4mm;two points;2
lol;aurafarming;dab;fingertip;93;;one point;1
lol;aurafarming;dab;fingertip;94;4mm;two points;2
lol;aurafarming;dab;fingertip;95;;one point;1
lol;aurafarming;dab;fingertip;96;3mm;two points;2
lol;aurafarming;dab;fingertip;97;;one point;2
lol;aurafarming;dab;fingertip;98;;one point;1
lol;aurafarming;dab;fingertip;99;3mm;two points;2
lol;aurafarming;dab;fingertip;100;;one point;2
lol;aurafarming;dab;fingertip;101;;one point;1
lol;aurafarming;dab;fingertip;102;;one point;1
lol;aurafarming;dab;fingertip;103;5mm;two points;2
lol;aurafarming;dab;fingertip;104;;one point;1
lol;aurafarming;dab;fingertip;105;;one point;1
lol;aurafarming;dab;fingertip;106;;one point;1
lol;aurafarming;dab;fingertip;107;;one point;1
lol;aurafarming;dab;fingertip;108;3mm;two points;2
lol;aurafarming;dab;fingertip;109;5mm;two points;2
lol;aurafarming;dab;fingertip;110;4mm;two points;2
lol;aurafarming;dab;fingertip;111;1mm;two points;1
lol;aurafarming;dab;fingertip;112;5mm;two points;2
lol;aurafarming;dab;fingertip;113;1mm;two points;1
lol;aurafarming;dab;fingertip;114;;one point;2
lol;aurafarming;dab;fingertip;115;;one point;2
lol;aurafarming;dab;fingertip;116;;one point;2
lol;aurafarming;dab;fingertip;117;4mm;two points;2
lol;aurafarming;dab;fingertip;118;;one point;1
lol;aurafarming;dab;fingertip;119;1mm;two points;1
lol;aurafarming;dab;fingertip;120;;one point;1
lol;dab;aurafarming;upperarm;1;;one point;2
lol;dab;aurafarming;upperarm;2;45mm;two points;2
lol;dab;aurafarming;upperarm;3;;one point;1
lol;dab;aurafarming;upperarm;4;30mm;two points;2
lol;dab;aurafarming;upperarm;5;35mm;two points;2
lol;dab;aurafarming;upperarm;6;35mm;two points;2
lol;dab;aurafarming;upperarm;7;;one point;1
lol;dab;aurafarming;upperarm;8;40mm;two points;2
lol;dab;aurafarming;upperarm;9;35mm;two points;1
lol;dab;aurafarming;upperarm;10;40mm;two points;2
lol;dab;aurafarming;upperarm;11;45mm;two points;2
lol;dab;aurafarming;upperarm;12;30mm;two points;2
lol;dab;aurafarming;upperarm;13;;one point;2
lol;dab;aurafarming;upperarm;14;;one point;1
lol;dab;aurafarming;upperarm;15;45mm;two points;2
lol;dab;aurafarming;upperarm;16;;one point;1
lol;dab;aurafarming;upperarm;17;;one point;1
lol;dab;aurafarming;upperarm;18;40mm;two points;2
lol;dab;aurafarming;upperarm;19;25mm;two points;2
lol;dab;aurafarming;upperarm;20;30mm;two points;1
lol;dab;aurafarming;upperarm;21;45mm;two points;2
lol;dab;aurafarming;upperarm;22;25mm;two points;1
lol;dab;aurafarming;upperarm;23;40mm;two points;2
lol;dab;aurafarming;upperarm;24;30mm;two points;2
lol;dab;aurafarming;upperarm;25;45mm;two points;2
lol;dab;aurafarming;upperarm;26;;one point;1
lol;dab;aurafarming;upperarm;27;;one point;1
lol;dab;aurafarming;upperarm;28;;one point;1
lol;dab;aurafarming;upperarm;29;;one point;1
lol;dab;aurafarming;upperarm;30;;one point;1
lol;dab;aurafarming;upperarm;31;35mm;two points;1
lol;dab;aurafarming;upperarm;32;;one point;1
lol;dab;aurafarming;upperarm;33;25mm;two points;2
lol;dab;aurafarming;upperarm;34;;one point;1
lol;dab;aurafarming;upperarm;35;;one point;1
lol;dab;aurafarming;upperarm;36;25mm;two points;1
lol;dab;aurafarming;upperarm;37;;one point;1
lol;dab;aurafarming;upperarm;38;;one point;1
lol;dab;aurafarming;upperarm;39;;one point;2
lol;dab;aurafarming;upperarm;40;45mm;two points;2
lol;dab;aurafarming;upperarm;41;;one point;1
lol;aurafarming;888;upperarm;42;25mm;two points;1
lol;aurafarming;888;upperarm;43;;one point;1
lol;aurafarming;888;upperarm;44;;one point;1
lol;aurafarming;888;upperarm;45;;one point;1
lol;aurafarming;888;upperarm;46;30mm;two points;1
lol;aurafarming;888;upperarm;47;;one point;1
lol;aurafarming;888;upperarm;48;;one point;1
lol;aurafarming;888;upperarm;49;40mm;two points;2
lol;aurafarming;888;upperarm;50;;one point;2
lol;aurafarming;888;upperarm;51;;one point;2
lol;aurafarming;888;upperarm;52;;one point;2
lol;aurafarming;888;upperarm;53;45mm;two points;1
lol;aurafarming;888;upperarm;54;;one point;1
lol;aurafarming;888;upperarm;55;;one point;1
lol;aurafarming;888;upperarm;56;30mm;two points;1
lol;aurafarming;888;upperarm;57;;one point;1
lol;aurafarming;888;upperarm;58;;one point;1
lol;aurafarming;888;upperarm;59;25mm;two points;2
lol;aurafarming;888;upperarm;60;;one point;1
lol;aurafarming;888;upperarm;61;;one point;1
lol;aurafarming;888;upperarm;62;;one point;1
lol;aurafarming;888;upperarm;63;;one point;1
lol;aurafarming;888;upperarm;64;30mm;two points;2
lol;aurafarming;888;upperarm;65;40mm;two points;1
lol;aurafarming;888;upperarm;66;;one point;1
lol;aurafarming;888;upperarm;67;35mm;two points;2
lol;aurafarming;888;upperarm;68;30mm;two points;2
lol;aurafarming;888;upperarm;69;40mm;two points;2
lol;aurafarming;888;upperarm;70;;one point;1
lol;aurafarming;888;upperarm;71;35mm;two points;2
lol;aurafarming;888;upperarm;72;40mm;two points;2
lol;aurafarming;888;upperarm;73;30mm;two points;2
lol;aurafarming;888;upperarm;74;45mm;two points;1
lol;aurafarming;888;upperarm;75;;one point;1
lol;aurafarming;888;upperarm;76;;one point;1
lol;aurafarming;888;upperarm;77;30mm;two points;1
lol;aurafarming;888;upperarm;78;25mm;two points;1
lol;aurafarming;888;upperarm;79;45mm;two points;2
lol;aurafarming;888;upperarm;80;25mm;two points;2
lol;888;dab;upperarm;81;35mm;two points;1
lol;888;dab;upperarm;82;;one point;2
lol;888;dab;upperarm;83;;one point;1
lol;888;dab;upperarm;84;;one point;2
lol;888;dab;upperarm;85;45mm;two points;2
lol;888;dab;upperarm;86;;one point;2
lol;888;dab;upperarm;87;30mm;two points;2
lol;888;dab;upperarm;88;40mm;two points;2
lol;888;dab;upperarm;89;30mm;two points;2
lol;888;dab;upperarm;90;;one point;1
lol;888;dab;upperarm;91;;one point;1
lol;888;dab;upperarm;92;35mm;two points;2
lol;888;dab;upperarm;93;40mm;two points;2
lol;888;dab;upperarm;94;45mm;two points;2
lol;888;dab;upperarm;95;40mm;two points;2
lol;888;dab;upperarm;96;;one point;2
lol;888;dab;upperarm;97;;one point;2
lol;888;dab;upperarm;98;35mm;two points;2
lol;888;dab;upperarm;99;;one point;1
lol;888;dab;upperarm;100;35mm;two points;2
lol;888;dab;upperarm;101;;one point;1
lol;888;dab;upperarm;102;;one point;1
lol;888;dab;upperarm;103;;one point;1
lol;888;dab;upperarm;104;;one point;2
lol;888;dab;upperarm;105;;one point;2
lol;888;dab;upperarm;106;;one point;1
lol;888;dab;upperarm;107;;one point;1
lol;888;dab;upperarm;108;40mm;two points;1
lol;888;dab;upperarm;109;;one point;2
lol;888;dab;upperarm;110;25mm;two points;1
lol;888;dab;upperarm;111;;one point;1
lol;888;dab;upperarm;112;25mm;two points;2
lol;888;dab;upperarm;113;25mm;two points;2
lol;888;dab;upperarm;114;45mm;two points;2
lol;888;dab;upperarm;115;;one point;1
lol;888;dab;upperarm;116;;one point;1
lol;888;dab;upperarm;117;;one point;2
lol;888;dab;upperarm;118;35mm;two points;2
lol;888;dab;upperarm;119;35mm;two points;1
lol;888;dab;upperarm;120;25mm;two points;2
SEG;SG;SCG_Part;fingertip;1;;one point;1
SEG;SG;SCG_Part;fingertip;2;4mm;two points;2
SEG;SG;SCG_Part;fingertip;3;4mm;two points;2
SEG;SG;SCG_Part;fingertip;4;5mm;two points;2
SEG;SG;SCG_Part;fingertip;5;4mm;two points;2
SEG;SG;SCG_Part;fingertip;6;;one point;1
SEG;SG;SCG_Part;fingertip;7;4mm;two points;2
SEG;SG;SCG_Part;fingertip;8;4mm;two points;2
SEG;SG;SCG_Part;fingertip;9;;one point;1
SEG;SG;SCG_Part;fingertip;10;5mm;two points;2
SEG;SG;SCG_Part;fingertip;11;2mm;two points;2
SEG;SG;SCG_Part;fingertip;12;;one point;1
SEG;SG;SCG_Part;fingertip;13;4mm;two points;2
SEG;SG;SCG_Part;fingertip;14;;one point;2
SEG;SG;SCG_Part;fingertip;15;1mm;two points;1
SEG;SG;SCG_Part;fingertip;16;3mm;two points;2
SEG;SG;SCG_Part;fingertip;17;;one point;1
SEG;SG;SCG_Part;fingertip;18;;one point;1
SEG;SG;SCG_Part;fingertip;19;;one point;1
SEG;SG;SCG_Part;fingertip;20;3mm;two points;2
SEG;SG;SCG_Part;fingertip;21;;one point;1
SEG;SG;SCG_Part;fingertip;22;3mm;two points;2
SEG;SG;SCG_Part;fingertip;23;;one point;1
SEG;SG;SCG_Part;fingertip;24;5mm;two points;2
SEG;SG;SCG_Part;fingertip;25;;one point;2
SEG;SG;SCG_Part;fingertip;26;;one point;1
SEG;SG;SCG_Part;fingertip;27;;one point;1
SEG;SG;SCG_Part;fingertip;28;3mm;two points;2
SEG;SG;SCG_Part;fingertip;29;;one point;1
SEG;SG;SCG_Part;fingertip;30;;one point;1
SEG;SG;SCG_Part;fingertip;31;1mm;two points;1
SEG;SG;SCG_Part;fingertip;32;;one point;1
SEG;SG;SCG_Part;fingertip;33;2mm;two points;2
SEG;SG;SCG_Part;fingertip;34;;one point;1
SEG;SG;SCG_Part;fingertip;35;3mm;two points;2
SEG;SG;SCG_Part;fingertip;36;2mm;two points;2
SEG;SG;SCG_Part;fingertip;37;3mm;two points;2
SEG;SG;SCG_Part;fingertip;38;;one point;1
SEG;SG;SCG_Part;fingertip;39;3mm;two points;2
SEG;SG;SCG_Part;fingertip;40;2mm;two points;2
SEG;SG;SCG_Part;fingertip;41;;one point;1
SEG;SG;SCG_Part;fingertip;42;;one point;1
SEG;SG;SCG_Part;fingertip;43;;one point;1
SEG;SG;SCG_Part;fingertip;44;1mm;two points;2
SEG;SG;SCG_Part;fingertip;45;3mm;two points;2
SEG;SG;SCG_Part;fingertip;46;3mm;two points;2
SEG;SG;SCG_Part;fingertip;47;1mm;two points;1
SEG;SG;SCG_Part;fingertip;48;2mm;two points;2
SEG;SG;SCG_Part;fingertip;49;;one point;1
SEG;SG;SCG_Part;fingertip;50;5mm;two points;2
SEG;SG;SCG_Part;fingertip;51;;one point;1
SEG;SG;SCG_Part;fingertip;52;;one point;1
SEG;SG;SCG_Part;fingertip;53;;one point;1
SEG;SG;SCG_Part;fingertip;54;4mm;two points;2
SEG;SG;SCG_Part;fingertip;55;1mm;two points;1
SEG;SG;SCG_Part;fingertip;56;;one point;1
SEG;SG;SCG_Part;fingertip;57;5mm;two points;2
SEG;SG;SCG_Part;fingertip;58;2mm;two points;2
SEG;SG;SCG_Part;fingertip;59;;one point;1
SEG;SG;SCG_Part;fingertip;60;;one point;1
SEG;SG;SCG_Part;fingertip;61;;one point;1
SEG;SG;SCG_Part;fingertip;62;;one point;1
SEG;SG;SCG_Part;fingertip;63;2mm;two points;1
SEG;SG;SCG_Part;fingertip;64;2mm;two points;1
SEG;SG;SCG_Part;fingertip;65;2mm;two points;1
SEG;SG;SCG_Part;fingertip;66;;one point;1
SEG;SG;SCG_Part;fingertip;67;;one point;1
SEG;SG;SCG_Part;fingertip;68;1mm;two points;1
SEG;SG;SCG_Part;fingertip;69;;one point;1
SEG;SG;SCG_Part;fingertip;70;;one point;1
SEG;SG;SCG_Part;fingertip;71;;one point;1
SEG;SG;SCG_Part;fingertip;72;2mm;two points;1
SEG;SG;SCG_Part;fingertip;73;2mm;two points;2
SEG;SG;SCG_Part;fingertip;74;1mm;two points;1
SEG;SG;SCG_Part;fingertip;75;;one point;1
SEG;SG;SCG_Part;fingertip;76;;one point;1
SEG;SG;SCG_Part;fingertip;77;5mm;two points;2
SEG;SG;SCG_Part;fingertip;78;5mm;two points;2
SEG;SG;SCG_Part;fingertip;79;;one point;1
SEG;SG;SCG_Part;fingertip;80;1mm;two points;2
SEG;SG;SCG_Part;fingertip;81;4mm;two points;2
SEG;SG;SCG_Part;fingertip;82;2mm;two points;2
SEG;SG;SCG_Part;fingertip;83;;one point;1
SEG;SG;SCG_Part;fingertip;84;1mm;two points;2
SEG;SG;SCG_Part;fingertip;85;;one point;1
SEG;SG;SCG_Part;fingertip;86;5mm;two points;2
SEG;SG;SCG_Part;fingertip;87;;one point;1
SEG;SG;SCG_Part;fingertip;88;;one point;1
SEG;SG;SCG_Part;fingertip;89;5mm;two points;2
SEG;SG;SCG_Part;fingertip;90;;one point;1
SEG;SG;SCG_Part;fingertip;91;;one point;1
SEG;SG;SCG_Part;fingertip;92;4mm;two points;2
SEG;SG;SCG_Part;fingertip;93;;one point;1
SEG;SG;SCG_Part;fingertip;94;4mm;two points;2
SEG;SG;SCG_Part;fingertip;95;;one point;1
SEG;SG;SCG_Part;fingertip;96;3mm;two points;2
SEG;SG;SCG_Part;fingertip;97;;one point;1
SEG;SG;SCG_Part;fingertip;98;;one point;2
SEG;SG;SCG_Part;fingertip;99;3mm;two points;2
SEG;SG;SCG_Part;fingertip;100;;one point;1
SEG;SG;SCG_Part;fingertip;101;;one point;1
SEG;SG;SCG_Part;fingertip;102;;one point;1
SEG;SG;SCG_Part;fingertip;103;5mm;two points;2
SEG;SG;SCG_Part;fingertip;104;;one point;1
SEG;SG;SCG_Part;fingertip;105;;one point;1
SEG;SG;SCG_Part;fingertip;106;;one point;1
SEG;SG;SCG_Part;fingertip;107;;one point;1
SEG;SG;SCG_Part;fingertip;108;3mm;two points;2
SEG;SG;SCG_Part;fingertip;109;5mm;two points;2
SEG;SG;SCG_Part;fingertip;110;4mm;two points;2
SEG;SG;SCG_Part;fingertip;111;1mm;two points;1
SEG;SG;SCG_Part;fingertip;112;5mm;two points;2
SEG;SG;SCG_Part;fingertip;113;1mm;two points;1
SEG;SG;SCG_Part;fingertip;114;;one point;1
SEG;SG;SCG_Part;fingertip;115;;one point;1
SEG;SG;SCG_Part;fingertip;116;;one point;1
SEG;SG;SCG_Part;fingertip;117;4mm;two points;2
SEG;SG;SCG_Part;fingertip;118;;one point;1
SEG;SG;SCG_Part;fingertip;119;1mm;two points;2
SEG;SG;SCG_Part;fingertip;120;;one point;1
SEG;SG;SCG_Part;upperarm;1;;one point;1
SEG;SG;SCG_Part;upperarm;2;45mm;two points;2
SEG;SG;SCG_Part;upperarm;3;;one point;2
SEG;SG;SCG_Part;upperarm;4;30mm;two points;2
SEG;SG;SCG_Part;upperarm;5;35mm;two points;2
SEG;SG;SCG_Part;upperarm;6;35mm;two points;1
SEG;SG;SCG_Part;upperarm;7;;one point;1
SEG;SG;SCG_Part;upperarm;8;40mm;two points;2
SEG;SG;SCG_Part;upperarm;9;35mm;two points;2
SEG;SG;SCG_Part;upperarm;10;40mm;two points;1
SEG;SG;SCG_Part;upperarm;11;45mm;two points;2
SEG;SG;SCG_Part;upperarm;12;30mm;two points;2
SEG;SG;SCG_Part;upperarm;13;;one point;1
SEG;SG;SCG_Part;upperarm;14;;one point;1
SEG;SG;SCG_Part;upperarm;15;45mm;two points;2
SEG;SG;SCG_Part;upperarm;16;;one point;1
SEG;SG;SCG_Part;upperarm;17;;one point;1
SEG;SG;SCG_Part;upperarm;18;40mm;two points;2
SEG;SG;SCG_Part;upperarm;19;25mm;two points;1
SEG;SG;SCG_Part;upperarm;20;30mm;two points;2
SEG;SG;SCG_Part;upperarm;21;45mm;two points;2
SEG;SG;SCG_Part;upperarm;22;25mm;two points;1
SEG;SG;SCG_Part;upperarm;23;40mm;two points;2
SEG;SG;SCG_Part;upperarm;24;30mm;two points;2
SEG;SG;SCG_Part;upperarm;25;45mm;two points;2
SEG;SG;SCG_Part;upperarm;26;;one point;1
SEG;SG;SCG_Part;upperarm;27;;one point;1
SEG;SG;SCG_Part;upperarm;28;;one point;1
SEG;SG;SCG_Part;upperarm;29;;one point;1
SEG;SG;SCG_Part;upperarm;30;;one point;1
SEG;SG;SCG_Part;upperarm;31;35mm;two points;2
SEG;SG;SCG_Part;upperarm;32;;one point;1
SEG;SG;SCG_Part;upperarm;33;25mm;two points;1
SEG;SG;SCG_Part;upperarm;34;;one point;2
SEG;SG;SCG_Part;upperarm;35;;one point;1
SEG;SG;SCG_Part;upperarm;36;25mm;two points;2
SEG;SG;SCG_Part;upperarm;37;;one point;1
SEG;SG;SCG_Part;upperarm;38;;one point;1
SEG;SG;SCG_Part;upperarm;39;;one point;1
SEG;SG;SCG_Part;upperarm;40;45mm;two points;2
SEG;SG;SCG_Part;upperarm;41;;one point;1
SEG;SG;SCG_Part;upperarm;42;25mm;two points;1
SEG;SG;SCG_Part;upperarm;43;;one point;1
SEG;SG;SCG_Part;upperarm;44;;one point;1
SEG;SG;SCG_Part;upperarm;45;;one point;1
SEG;SG;SCG_Part;upperarm;46;30mm;two points;2
SEG;SG;SCG_Part;upperarm;47;;one point;1
SEG;SG;SCG_Part;upperarm;48;;one point;1
SEG;SG;SCG_Part;upperarm;49;40mm;two points;2
SEG;SG;SCG_Part;upperarm;50;;one point;1
SEG;SG;SCG_Part;upperarm;51;;one point;1
SEG;SG;SCG_Part;upperarm;52;;one point;1
SEG;SG;SCG_Part;upperarm;53;45mm;two points;2
SEG;SG;SCG_Part;upperarm;54;;one point;1
SEG;SG;SCG_Part;upperarm;55;;one point;1
SEG;SG;SCG_Part;upperarm;56;30mm;two points;1
SEG;SG;SCG_Part;upperarm;57;;one point;1
SEG;SG;SCG_Part;upperarm;58;;one point;1
SEG;SG;SCG_Part;upperarm;59;25mm;two points;1
SEG;SG;SCG_Part;upperarm;60;;one point;1
SEG;SG;SCG_Part;upperarm;61;;one point;1
SEG;SG;SCG_Part;upperarm;62;;one point;1
SEG;SG;SCG_Part;upperarm;63;;one point;1
SEG;SG;SCG_Part;upperarm;64;30mm;two points;2
SEG;SG;SCG_Part;upperarm;65;40mm;two points;2
SEG;SG;SCG_Part;upperarm;66;;one point;1
SEG;SG;SCG_Part;upperarm;67;35mm;two points;2
SEG;SG;SCG_Part;upperarm;68;30mm;two points;1
SEG;SG;SCG_Part;upperarm;69;40mm;two points;1
SEG;SG;SCG_Part;upperarm;70;;one point;1
SEG;SG;SCG_Part;upperarm;71;35mm;two points;2
SEG;SG;SCG_Part;upperarm;72;40mm;two points;2
SEG;SG;SCG_Part;upperarm;73;30mm;two points;2
SEG;SG;SCG_Part;upperarm;74;45mm;two points;2
SEG;SG;SCG_Part;upperarm;75;;one point;1
SEG;SG;SCG_Part;upperarm;76;;one point;1
SEG;SG;SCG_Part;upperarm;77;30mm;two points;1
SEG;SG;SCG_Part;upperarm;78;25mm;two points;1
SEG;SG;SCG_Part;upperarm;79;45mm;two points;2
SEG;SG;SCG_Part;upperarm;80;25mm;two points;1
SEG;SG;SCG_Part;upperarm;81;35mm;two points;2
SEG;SG;SCG_Part;upperarm;82;;one point;1
SEG;SG;SCG_Part;upperarm;83;;one point;1
SEG;SG;SCG_Part;upperarm;84;;one point;2
SEG;SG;SCG_Part;upperarm;85;45mm;two points;2
SEG;SG;SCG_Part;upperarm;86;;one point;1
SEG;SG;SCG_Part;upperarm;87;30mm;two points;2
SEG;SG;SCG_Part;upperarm;88;40mm;two points;2
SEG;SG;SCG_Part;upperarm;89;30mm;two points;2
SEG;SG;SCG_Part;upperarm;90;;one point;2
SEG;SG;SCG_Part;upperarm;91;;one point;1
SEG;SG;SCG_Part;upperarm;92;35mm;two points;1
SEG;SG;SCG_Part;upperarm;93;40mm;two points;2
SEG;SG;SCG_Part;upperarm;94;45mm;two points;2
SEG;SG;SCG_Part;upperarm;95;40mm;two points;2
SEG;SG;SCG_Part;upperarm;96;;one point;2
SEG;SG;SCG_Part;upperarm;97;;one point;1
SEG;SG;SCG_Part;upperarm;98;35mm;two points;2
SEG;SG;SCG_Part;upperarm;99;;one point;1
SEG;SG;SCG_Part;upperarm;100;35mm;two points;1
SEG;SG;SCG_Part;upperarm;101;;one point;1
SEG;SG;SCG_Part;upperarm;102;;one point;1
SEG;SG;SCG_Part;upperarm;103;;one point;2
SEG;SG;SCG_Part;upperarm;104;;one point;1
SEG;SG;SCG_Part;upperarm;105;;one point;1
SEG;SG;SCG_Part;upperarm;106;;one point;1
SEG;SG;SCG_Part;upperarm;107;;one point;1
SEG;SG;SCG_Part;upperarm;108;40mm;two points;2
SEG;SG;SCG_Part;upperarm;109;;one point;1
SEG;SG;SCG_Part;upperarm;110;25mm;two points;1
SEG;SG;SCG_Part;upperarm;111;;one point;1
SEG;SG;SCG_Part;upperarm;112;25mm;two points;1
SEG;SG;SCG_Part;upperarm;113;25mm;two points;2
SEG;SG;SCG_Part;upperarm;114;45mm;two points;2
SEG;SG;SCG_Part;upperarm;115;;one point;2
SEG;SG;SCG_Part;upperarm;116;;one point;1
SEG;SG;SCG_Part;upperarm;117;;one point;1
SEG;SG;SCG_Part;upperarm;118;35mm;two points;1
SEG;SG;SCG_Part;upperarm;119;35mm;two points;1
SEG;SG;SCG_Part;upperarm;120;25mm;two points;1
Coolest_group;abc;cba;fingertip;1;;one point;1
Coolest_group;abc;cba;fingertip;2;4mm;two points;1
Coolest_group;abc;cba;fingertip;3;4mm;two points;2
Coolest_group;abc;cba;fingertip;4;5mm;two points;2
Coolest_group;abc;cba;fingertip;5;4mm;two points;2
Coolest_group;abc;cba;fingertip;6;;one point;1
Coolest_group;abc;cba;fingertip;7;4mm;two points;2
Coolest_group;abc;cba;fingertip;8;4mm;two points;2
Coolest_group;abc;cba;fingertip;9;;one point;1
Coolest_group;abc;cba;fingertip;10;5mm;two points;2
Coolest_group;abc;cba;fingertip;11;2mm;two points;2
Coolest_group;abc;cba;fingertip;12;;one point;1
Coolest_group;abc;cba;fingertip;13;4mm;two points;2
Coolest_group;abc;cba;fingertip;14;;one point;1
Coolest_group;abc;cba;fingertip;15;1mm;two points;2
Coolest_group;abc;cba;fingertip;16;3mm;two points;2
Coolest_group;abc;cba;fingertip;17;;one point;1
Coolest_group;abc;cba;fingertip;18;;one point;1
Coolest_group;abc;cba;fingertip;19;;one point;1
Coolest_group;abc;cba;fingertip;20;3mm;two points;2
Coolest_group;abc;cba;fingertip;21;;one point;1
Coolest_group;abc;cba;fingertip;22;3mm;two points;2
Coolest_group;abc;cba;fingertip;23;;one point;1
Coolest_group;abc;cba;fingertip;24;5mm;two points;2
Coolest_group;abc;cba;fingertip;25;;one point;1
Coolest_group;abc;cba;fingertip;26;;one point;1
Coolest_group;abc;cba;fingertip;27;;one point;1
Coolest_group;abc;cba;fingertip;28;3mm;two points;2
Coolest_group;abc;cba;fingertip;29;;one point;1
Coolest_group;abc;cba;fingertip;30;;one point;1
Coolest_group;abc;cba;fingertip;31;1mm;two points;2
Coolest_group;abc;cba;fingertip;32;;one point;1
Coolest_group;abc;cba;fingertip;33;2mm;two points;2
Coolest_group;abc;cba;fingertip;34;;one point;1
Coolest_group;abc;cba;fingertip;35;3mm;two points;2
Coolest_group;abc;cba;fingertip;36;2mm;two points;2
Coolest_group;abc;cba;fingertip;37;3mm;two points;2
Coolest_group;abc;cba;fingertip;38;;one point;2
Coolest_group;abc;cba;fingertip;39;3mm;two points;2
Coolest_group;abc;cba;fingertip;40;2mm;two points;2
Coolest_group;abc;cba;fingertip;41;;one point;1
Coolest_group;abc;cba;fingertip;42;;one point;2
Coolest_group;abc;cba;fingertip;43;;one point;2
Coolest_group;abc;cba;fingertip;44;1mm;two points;2
Coolest_group;abc;cba;fingertip;45;3mm;two points;2
Coolest_group;abc;cba;fingertip;46;3mm;two points;2
Coolest_group;abc;cba;fingertip;47;1mm;two points;2
Coolest_group;abc;cba;fingertip;48;2mm;two points;2
Coolest_group;abc;cba;fingertip;49;;one point;1
Coolest_group;abc;cba;fingertip;50;5mm;two points;2
Coolest_group;abc;cba;fingertip;51;;one point;1
Coolest_group;abc;cba;fingertip;52;;one point;1
Coolest_group;abc;cba;fingertip;53;;one point;1
Coolest_group;abc;cba;fingertip;54;4mm;two points;2
Coolest_group;abc;cba;fingertip;55;1mm;two points;2
Coolest_group;abc;cba;fingertip;56;;one point;1
Coolest_group;abc;cba;fingertip;57;5mm;two points;2
Coolest_group;abc;cba;fingertip;58;2mm;two points;2
Coolest_group;abc;cba;fingertip;59;;one point;1
Coolest_group;abc;cba;fingertip;60;;one point;1
Coolest_group;abc;cba;fingertip;61;;one point;1
Coolest_group;abc;cba;fingertip;62;;one point;1
Coolest_group;abc;cba;fingertip;63;2mm;two points;2
Coolest_group;abc;cba;fingertip;64;2mm;two points;2
Coolest_group;abc;cba;fingertip;65;2mm;two points;2
Coolest_group;abc;cba;fingertip;66;;one point;1
Coolest_group;abc;cba;fingertip;67;;one point;1
Coolest_group;abc;cba;fingertip;68;1mm;two points;2
Coolest_group;abc;cba;fingertip;69;;one point;1
Coolest_group;abc;cba;fingertip;70;;one point;1
Coolest_group;abc;cba;fingertip;71;;one point;1
Coolest_group;abc;cba;fingertip;72;2mm;two points;2
Coolest_group;abc;cba;fingertip;73;2mm;two points;1
Coolest_group;abc;cba;fingertip;74;1mm;two points;2
Coolest_group;abc;cba;fingertip;75;;one point;2
Coolest_group;abc;cba;fingertip;76;;one point;1
Coolest_group;abc;cba;fingertip;77;5mm;two points;2
Coolest_group;abc;cba;fingertip;78;5mm;two points;2
Coolest_group;abc;cba;fingertip;79;;one point;1
Coolest_group;abc;cba;fingertip;80;1mm;two points;2
Coolest_group;abc;cba;fingertip;81;4mm;two points;2
Coolest_group;abc;cba;fingertip;82;2mm;two points;2
Coolest_group;abc;cba;fingertip;83;;one point;1
Coolest_group;abc;cba;fingertip;84;1mm;two points;2
Coolest_group;abc;cba;fingertip;85;;one point;1
Coolest_group;abc;cba;fingertip;86;5mm;two points;2
Coolest_group;abc;cba;fingertip;87;;one point;1
Coolest_group;abc;cba;fingertip;88;;one point;1
Coolest_group;abc;cba;fingertip;89;5mm;two points;2
Coolest_group;abc;cba;fingertip;90;;one point;1
Coolest_group;abc;cba;fingertip;91;;one point;1
Coolest_group;abc;cba;fingertip;92;4mm;two points;2
Coolest_group;abc;cba;fingertip;93;;one point;2
Coolest_group;abc;cba;fingertip;94;4mm;two points;2
Coolest_group;abc;cba;fingertip;95;;one point;1
Coolest_group;abc;cba;fingertip;96;3mm;two points;2
Coolest_group;abc;cba;fingertip;97;;one point;1
Coolest_group;abc;cba;fingertip;98;;one point;1
Coolest_group;abc;cba;fingertip;99;3mm;two points;2
Coolest_group;abc;cba;fingertip;100;;one point;1
Coolest_group;abc;cba;fingertip;101;;one point;1
Coolest_group;abc;cba;fingertip;102;;one point;1
Coolest_group;abc;cba;fingertip;103;5mm;two points;2
Coolest_group;abc;cba;fingertip;104;;one point;1
Coolest_group;abc;cba;fingertip;105;;one point;1
Coolest_group;abc;cba;fingertip;106;;one point;1
Coolest_group;abc;cba;fingertip;107;;one point;1
Coolest_group;abc;cba;fingertip;108;3mm;two points;2
Coolest_group;abc;cba;fingertip;109;5mm;two points;2
Coolest_group;abc;cba;fingertip;110;4mm;two points;2
Coolest_group;abc;cba;fingertip;111;1mm;two points;2
Coolest_group;abc;cba;fingertip;112;5mm;two points;2
Coolest_group;abc;cba;fingertip;113;1mm;two points;2
Coolest_group;abc;cba;fingertip;114;;one point;2
Coolest_group;abc;cba;fingertip;115;;one point;1
Coolest_group;abc;cba;fingertip;116;;one point;1
Coolest_group;abc;cba;fingertip;117;4mm;two points;2
Coolest_group;abc;cba;fingertip;118;;one point;1
Coolest_group;abc;cba;fingertip;119;1mm;two points;2
Coolest_group;abc;cba;fingertip;120;;one point;1
Coolest_group;abc;cba;upperarm;1;;one point;1
Coolest_group;abc;cba;upperarm;2;45mm;two points;2
Coolest_group;abc;cba;upperarm;3;;one point;1
Coolest_group;abc;cba;upperarm;4;30mm;two points;1
Coolest_group;abc;cba;upperarm;5;35mm;two points;1
Coolest_group;abc;cba;upperarm;6;35mm;two points;1
Coolest_group;abc;cba;upperarm;7;;one point;1
Coolest_group;abc;cba;upperarm;8;40mm;two points;1
Coolest_group;abc;cba;upperarm;9;35mm;two points;1
Coolest_group;abc;cba;upperarm;10;40mm;two points;1
Coolest_group;abc;cba;upperarm;11;45mm;two points;1
Coolest_group;abc;cba;upperarm;12;30mm;two points;1
Coolest_group;abc;cba;upperarm;13;;one point;1
Coolest_group;abc;cba;upperarm;14;;one point;1
Coolest_group;abc;cba;upperarm;15;45mm;two points;2
Coolest_group;abc;cba;upperarm;16;;one point;1
Coolest_group;abc;cba;upperarm;17;;one point;1
Coolest_group;abc;cba;upperarm;18;40mm;two points;2
Coolest_group;abc;cba;upperarm;19;25mm;two points;1
Coolest_group;abc;cba;upperarm;20;30mm;two points;1
Coolest_group;abc;cba;upperarm;21;45mm;two points;2
Coolest_group;abc;cba;upperarm;22;25mm;two points;1
Coolest_group;abc;cba;upperarm;23;40mm;two points;1
Coolest_group;abc;cba;upperarm;24;30mm;two points;2
Coolest_group;abc;cba;upperarm;25;45mm;two points;1
Coolest_group;abc;cba;upperarm;26;;one point;2
Coolest_group;abc;cba;upperarm;27;;one point;1
Coolest_group;abc;cba;upperarm;28;;one point;1
Coolest_group;abc;cba;upperarm;29;;one point;1
Coolest_group;abc;cba;upperarm;30;;one point;1
Coolest_group;abc;cba;upperarm;31;35mm;two points;1
Coolest_group;abc;cba;upperarm;32;;one point;1
Coolest_group;abc;cba;upperarm;33;25mm;two points;1
Coolest_group;abc;cba;upperarm;34;;one point;1
Coolest_group;abc;cba;upperarm;35;;one point;1
Coolest_group;abc;cba;upperarm;36;25mm;two points;1
Coolest_group;abc;cba;upperarm;37;;one point;1
Coolest_group;abc;cba;upperarm;38;;one point;1
Coolest_group;abc;cba;upperarm;39;;one point;1
Coolest_group;abc;cba;upperarm;40;45mm;two points;1
Coolest_group;abc;cba;upperarm;41;;one point;2
Coolest_group;abc;cba;upperarm;42;25mm;two points;1
Coolest_group;abc;cba;upperarm;43;;one point;1
Coolest_group;abc;cba;upperarm;44;;one point;1
Coolest_group;abc;cba;upperarm;45;;one point;1
Coolest_group;abc;cba;upperarm;46;30mm;two points;2
Coolest_group;abc;cba;upperarm;47;;one point;1
Coolest_group;abc;cba;upperarm;48;;one point;1
Coolest_group;abc;cba;upperarm;49;40mm;two points;2
Coolest_group;abc;cba;upperarm;50;;one point;1
Coolest_group;abc;cba;upperarm;51;;one point;1
Coolest_group;abc;cba;upperarm;52;;one point;1
Coolest_group;abc;cba;upperarm;53;45mm;two points;1
Coolest_group;abc;cba;upperarm;54;;one point;1
Coolest_group;abc;cba;upperarm;55;;one point;1
Coolest_group;abc;cba;upperarm;56;30mm;two points;1
Coolest_group;abc;cba;upperarm;57;;one point;1
Coolest_group;abc;cba;upperarm;58;;one point;1
Coolest_group;abc;cba;upperarm;59;25mm;two points;1
Coolest_group;abc;cba;upperarm;60;;one point;1
Coolest_group;abc;cba;upperarm;61;;one point;2
Coolest_group;abc;cba;upperarm;62;;one point;1
Coolest_group;abc;cba;upperarm;63;;one point;2
Coolest_group;abc;cba;upperarm;64;30mm;two points;1
Coolest_group;abc;cba;upperarm;65;40mm;two points;1
Coolest_group;abc;cba;upperarm;66;;one point;1
Coolest_group;abc;cba;upperarm;67;35mm;two points;1
Coolest_group;abc;cba;upperarm;68;30mm;two points;1
Coolest_group;abc;cba;upperarm;69;40mm;two points;1
Coolest_group;abc;cba;upperarm;70;;one point;1
Coolest_group;abc;cba;upperarm;71;35mm;two points;1
Coolest_group;abc;cba;upperarm;72;40mm;two points;1
Coolest_group;abc;cba;upperarm;73;30mm;two points;1
Coolest_group;abc;cba;upperarm;74;45mm;two points;1
Coolest_group;abc;cba;upperarm;75;;one point;1
Coolest_group;abc;cba;upperarm;76;;one point;2
Coolest_group;abc;cba;upperarm;77;30mm;two points;1
Coolest_group;abc;cba;upperarm;78;25mm;two points;1
Coolest_group;abc;cba;upperarm;79;45mm;two points;1
Coolest_group;abc;cba;upperarm;80;25mm;two points;2
Coolest_group;abc;cba;upperarm;81;35mm;two points;1
Coolest_group;abc;cba;upperarm;82;;one point;2
Coolest_group;abc;cba;upperarm;83;;one point;1
Coolest_group;abc;cba;upperarm;84;;one point;2
Coolest_group;abc;cba;upperarm;85;45mm;two points;1
Coolest_group;abc;cba;upperarm;86;;one point;2
Coolest_group;abc;cba;upperarm;87;30mm;two points;2
Coolest_group;abc;cba;upperarm;88;40mm;two points;1
Coolest_group;abc;cba;upperarm;89;30mm;two points;1
Coolest_group;abc;cba;upperarm;90;;one point;1
Coolest_group;abc;cba;upperarm;91;;one point;1
Coolest_group;abc;cba;upperarm;92;35mm;two points;2
Coolest_group;abc;cba;upperarm;93;40mm;two points;1
Coolest_group;abc;cba;upperarm;94;45mm;two points;2
Coolest_group;abc;cba;upperarm;95;40mm;two points;2
Coolest_group;abc;cba;upperarm;96;;one point;2
Coolest_group;abc;cba;upperarm;97;;one point;1
Coolest_group;abc;cba;upperarm;98;35mm;two points;1
Coolest_group;abc;cba;upperarm;99;;one point;1
Coolest_group;abc;cba;upperarm;100;35mm;two points;1
Coolest_group;abc;cba;upperarm;101;;one point;2
Coolest_group;abc;cba;upperarm;102;;one point;2
Coolest_group;abc;cba;upperarm;103;;one point;1
Coolest_group;abc;cba;upperarm;104;;one point;1
Coolest_group;abc;cba;upperarm;105;;one point;2
Coolest_group;abc;cba;upperarm;106;;one point;1
Coolest_group;abc;cba;upperarm;107;;one point;1
Coolest_group;abc;cba;upperarm;108;40mm;two points;1
Coolest_group;abc;cba;upperarm;109;;one point;1
Coolest_group;abc;cba;upperarm;110;25mm;two points;1
Coolest_group;abc;cba;upperarm;111;;one point;2
Coolest_group;abc;cba;upperarm;112;25mm;two points;1
Coolest_group;abc;cba;upperarm;113;25mm;two points;1
Coolest_group;abc;cba;upperarm;114;45mm;two points;2
Coolest_group;abc;cba;upperarm;115;;one point;1
Coolest_group;abc;cba;upperarm;116;;one point;1
Coolest_group;abc;cba;upperarm;117;;one point;1
Coolest_group;abc;cba;upperarm;118;35mm;two points;1
Coolest_group;abc;cba;upperarm;119;35mm;two points;1
Coolest_group;abc;cba;upperarm;120;25mm;two points;1
Middle;Kamille;Emma;fingertip;1;;one point;1
Middle;Kamille;Emma;fingertip;2;4mm;two points;2
Middle;Kamille;Emma;fingertip;3;4mm;two points;2
Middle;Kamille;Emma;fingertip;4;5mm;two points;2
Middle;Kamille;Emma;fingertip;5;4mm;two points;2
Middle;Kamille;Emma;fingertip;6;;one point;1
Middle;Kamille;Emma;fingertip;7;4mm;two points;2
Middle;Kamille;Emma;fingertip;8;4mm;two points;2
Middle;Kamille;Emma;fingertip;9;;one point;1
Middle;Kamille;Emma;fingertip;10;5mm;two points;2
Middle;Kamille;Emma;fingertip;11;2mm;two points;1
Middle;Kamille;Emma;fingertip;12;;one point;1
Middle;Kamille;Emma;fingertip;13;4mm;two points;2
Middle;Kamille;Emma;fingertip;14;;one point;1
Middle;Kamille;Emma;fingertip;15;1mm;two points;1
Middle;Kamille;Emma;fingertip;16;3mm;two points;2
Middle;Kamille;Emma;fingertip;17;;one point;1
Middle;Kamille;Emma;fingertip;18;;one point;1
Middle;Kamille;Emma;fingertip;19;;one point;1
Middle;Kamille;Emma;fingertip;20;3mm;two points;2
Middle;Kamille;Emma;fingertip;21;;one point;1
Middle;Kamille;Emma;fingertip;22;3mm;two points;2
Middle;Kamille;Emma;fingertip;23;;one point;1
Middle;Kamille;Emma;fingertip;24;5mm;two points;2
Middle;Kamille;Emma;fingertip;25;;one point;1
Middle;Kamille;Emma;fingertip;26;;one point;1
Middle;Kamille;Emma;fingertip;27;;one point;1
Middle;Kamille;Emma;fingertip;28;3mm;two points;2
Middle;Kamille;Emma;fingertip;29;;one point;1
Middle;Kamille;Emma;fingertip;30;;one point;1
Middle;Kamille;Emma;fingertip;31;1mm;two points;1
Middle;Kamille;Emma;fingertip;32;;one point;1
Middle;Kamille;Emma;fingertip;33;2mm;two points;1
Middle;Kamille;Emma;fingertip;34;;one point;1
Middle;Kamille;Emma;fingertip;35;3mm;two points;2
Middle;Kamille;Emma;fingertip;36;2mm;two points;2
Middle;Kamille;Emma;fingertip;37;3mm;two points;2
Middle;Kamille;Emma;fingertip;38;;one point;1
Middle;Kamille;Emma;fingertip;39;3mm;two points;2
Middle;Kamille;Emma;fingertip;40;2mm;two points;2
Middle;Kamille;Emma;fingertip;41;;one point;1
Middle;Kamille;Emma;fingertip;42;;one point;1
Middle;Kamille;Emma;fingertip;43;;one point;1
Middle;Kamille;Emma;fingertip;44;1mm;two points;1
Middle;Kamille;Emma;fingertip;45;3mm;two points;2
Middle;Kamille;Emma;fingertip;46;3mm;two points;2
Middle;Kamille;Emma;fingertip;47;1mm;two points;1
Middle;Kamille;Emma;fingertip;48;2mm;two points;2
Middle;Kamille;Emma;fingertip;49;;one point;1
Middle;Kamille;Emma;fingertip;50;5mm;two points;2
Middle;Kamille;Emma;fingertip;51;;one point;1
Middle;Kamille;Emma;fingertip;52;;one point;1
Middle;Kamille;Emma;fingertip;53;;one point;1
Middle;Kamille;Emma;fingertip;54;4mm;two points;2
Middle;Kamille;Emma;fingertip;55;1mm;two points;1
Middle;Kamille;Emma;fingertip;56;;one point;1
Middle;Kamille;Emma;fingertip;57;5mm;two points;2
Middle;Kamille;Emma;fingertip;58;2mm;two points;2
Middle;Kamille;Emma;fingertip;59;;one point;1
Middle;Kamille;Emma;fingertip;60;;one point;1
Middle;Kamille;Emma;fingertip;61;;one point;1
Middle;Kamille;Emma;fingertip;62;;one point;1
Middle;Kamille;Emma;fingertip;63;2mm;two points;2
Middle;Kamille;Emma;fingertip;64;2mm;two points;2
Middle;Kamille;Emma;fingertip;65;2mm;two points;2
Middle;Kamille;Emma;fingertip;66;;one point;1
Middle;Kamille;Emma;fingertip;67;;one point;1
Middle;Kamille;Emma;fingertip;68;1mm;two points;1
Middle;Kamille;Emma;fingertip;69;;one point;1
Middle;Kamille;Emma;fingertip;70;;one point;1
Middle;Kamille;Emma;fingertip;71;;one point;1
Middle;Kamille;Emma;fingertip;72;2mm;two points;2
Middle;Kamille;Emma;fingertip;73;2mm;two points;2
Middle;Kamille;Emma;fingertip;74;1mm;two points;2
Middle;Kamille;Emma;fingertip;75;;one point;1
Middle;Kamille;Emma;fingertip;76;;one point;2
Middle;Kamille;Emma;fingertip;77;5mm;two points;2
Middle;Kamille;Emma;fingertip;78;5mm;two points;2
Middle;Kamille;Emma;fingertip;79;;one point;1
Middle;Kamille;Emma;fingertip;80;1mm;two points;1
Middle;Kamille;Emma;fingertip;81;4mm;two points;2
Middle;Kamille;Emma;fingertip;82;2mm;two points;1
Middle;Kamille;Emma;fingertip;83;;one point;1
Middle;Kamille;Emma;fingertip;84;1mm;two points;1
Middle;Kamille;Emma;fingertip;85;;one point;1
Middle;Kamille;Emma;fingertip;86;5mm;two points;2
Middle;Kamille;Emma;fingertip;87;;one point;1
Middle;Kamille;Emma;fingertip;88;;one point;1
Middle;Kamille;Emma;fingertip;89;5mm;two points;2
Middle;Kamille;Emma;fingertip;90;;one point;1
Middle;Kamille;Emma;fingertip;91;;one point;1
Middle;Kamille;Emma;fingertip;92;4mm;two points;2
Middle;Kamille;Emma;fingertip;93;;one point;1
Middle;Kamille;Emma;fingertip;94;4mm;two points;2
Middle;Kamille;Emma;fingertip;95;;one point;1
Middle;Kamille;Emma;fingertip;96;3mm;two points;2
Middle;Kamille;Emma;fingertip;97;;one point;1
Middle;Kamille;Emma;fingertip;98;;one point;1
Middle;Kamille;Emma;fingertip;99;3mm;two points;2
Middle;Kamille;Emma;fingertip;100;;one point;1
Middle;Kamille;Emma;fingertip;101;;one point;1
Middle;Kamille;Emma;fingertip;102;;one point;1
Middle;Kamille;Emma;fingertip;103;5mm;two points;2
Middle;Kamille;Emma;fingertip;104;;one point;1
Middle;Kamille;Emma;fingertip;105;;one point;1
Middle;Kamille;Emma;fingertip;106;;one point;1
Middle;Kamille;Emma;fingertip;107;;one point;1
Middle;Kamille;Emma;fingertip;108;3mm;two points;2
Middle;Kamille;Emma;fingertip;109;5mm;two points;2
Middle;Kamille;Emma;fingertip;110;4mm;two points;2
Middle;Kamille;Emma;fingertip;111;1mm;two points;2
Middle;Kamille;Emma;fingertip;112;5mm;two points;2
Middle;Kamille;Emma;fingertip;113;1mm;two points;2
Middle;Kamille;Emma;fingertip;114;;one point;2
Middle;Kamille;Emma;fingertip;115;;one point;1
Middle;Kamille;Emma;fingertip;116;;one point;2
Middle;Kamille;Emma;fingertip;117;4mm;two points;2
Middle;Kamille;Emma;fingertip;118;;one point;1
Middle;Kamille;Emma;fingertip;119;1mm;two points;2
Middle;Kamille;Emma;fingertip;120;;one point;1
Middle;Kamille;Emma;upperarm;1;;one point;1
Middle;Kamille;Emma;upperarm;2;45mm;two points;2
Middle;Kamille;Emma;upperarm;3;;one point;1
Middle;Kamille;Emma;upperarm;4;30mm;two points;2
Middle;Kamille;Emma;upperarm;5;35mm;two points;2
Middle;Kamille;Emma;upperarm;6;35mm;two points;2
Middle;Kamille;Emma;upperarm;7;;one point;1
Middle;Kamille;Emma;upperarm;8;40mm;two points;2
Middle;Kamille;Emma;upperarm;9;35mm;two points;2
Middle;Kamille;Emma;upperarm;10;40mm;two points;2
Middle;Kamille;Emma;upperarm;11;45mm;two points;1
Middle;Kamille;Emma;upperarm;12;30mm;two points;1
Middle;Kamille;Emma;upperarm;13;;one point;1
Middle;Kamille;Emma;upperarm;14;;one point;1
Middle;Kamille;Emma;upperarm;15;45mm;two points;2
Middle;Kamille;Emma;upperarm;16;;one point;1
Middle;Kamille;Emma;upperarm;17;;one point;1
Middle;Kamille;Emma;upperarm;18;40mm;two points;2
Middle;Kamille;Emma;upperarm;19;25mm;two points;1
Middle;Kamille;Emma;upperarm;20;30mm;two points;2
Middle;Kamille;Emma;upperarm;21;45mm;two points;2
Middle;Kamille;Emma;upperarm;22;25mm;two points;1
Middle;Kamille;Emma;upperarm;23;40mm;two points;2
Middle;Kamille;Emma;upperarm;24;30mm;two points;1
Middle;Kamille;Emma;upperarm;25;45mm;two points;1
Middle;Kamille;Emma;upperarm;26;;one point;1
Middle;Kamille;Emma;upperarm;27;;one point;1
Middle;Kamille;Emma;upperarm;28;;one point;2
Middle;Kamille;Emma;upperarm;29;;one point;1
Middle;Kamille;Emma;upperarm;30;;one point;1
Middle;Kamille;Emma;upperarm;31;35mm;two points;1
Middle;Kamille;Emma;upperarm;32;;one point;1
Middle;Kamille;Emma;upperarm;33;25mm;two points;1
Middle;Kamille;Emma;upperarm;34;;one point;1
Middle;Kamille;Emma;upperarm;35;;one point;1
Middle;Kamille;Emma;upperarm;36;25mm;two points;2
Middle;Kamille;Emma;upperarm;37;;one point;1
Middle;Kamille;Emma;upperarm;38;;one point;1
Middle;Kamille;Emma;upperarm;39;;one point;2
Middle;Kamille;Emma;upperarm;40;45mm;two points;1
Middle;Kamille;Emma;upperarm;41;;one point;1
Middle;Kamille;Emma;upperarm;42;25mm;two points;2
Middle;Kamille;Emma;upperarm;43;;one point;1
Middle;Kamille;Emma;upperarm;44;;one point;1
Middle;Kamille;Emma;upperarm;45;;one point;1
Middle;Kamille;Emma;upperarm;46;30mm;two points;2
Middle;Kamille;Emma;upperarm;47;;one point;1
Middle;Kamille;Emma;upperarm;48;;one point;1
Middle;Kamille;Emma;upperarm;49;40mm;two points;2
Middle;Kamille;Emma;upperarm;50;;one point;1
Middle;Kamille;Emma;upperarm;51;;one point;1
Middle;Kamille;Emma;upperarm;52;;one point;1
Middle;Kamille;Emma;upperarm;53;45mm;two points;2
Middle;Kamille;Emma;upperarm;54;;one point;1
Middle;Kamille;Emma;upperarm;55;;one point;1
Middle;Kamille;Emma;upperarm;56;30mm;two points;2
Middle;Kamille;Emma;upperarm;57;;one point;2
Middle;Kamille;Emma;upperarm;58;;one point;2
Middle;Kamille;Emma;upperarm;59;25mm;two points;2
Middle;Kamille;Emma;upperarm;60;;one point;1
Middle;Kamille;Emma;upperarm;61;;one point;1
Middle;Kamille;Emma;upperarm;62;;one point;1
Middle;Kamille;Emma;upperarm;63;;one point;1
Middle;Kamille;Emma;upperarm;64;30mm;two points;2
Middle;Kamille;Emma;upperarm;65;40mm;two points;2
Middle;Kamille;Emma;upperarm;66;;one point;1
Middle;Kamille;Emma;upperarm;67;35mm;two points;2
Middle;Kamille;Emma;upperarm;68;30mm;two points;1
Middle;Kamille;Emma;upperarm;69;40mm;two points;2
Middle;Kamille;Emma;upperarm;70;;one point;1
Middle;Kamille;Emma;upperarm;71;35mm;two points;2
Middle;Kamille;Emma;upperarm;72;40mm;two points;2
Middle;Kamille;Emma;upperarm;73;30mm;two points;2
Middle;Kamille;Emma;upperarm;74;45mm;two points;2
Middle;Kamille;Emma;upperarm;75;;one point;1
Middle;Kamille;Emma;upperarm;76;;one point;1
Middle;Kamille;Emma;upperarm;77;30mm;two points;2
Middle;Kamille;Emma;upperarm;78;25mm;two points;2
Middle;Kamille;Emma;upperarm;79;45mm;two points;2
Middle;Kamille;Emma;upperarm;80;25mm;two points;1
Middle;Kamille;Emma;upperarm;81;35mm;two points;2
Middle;Kamille;Emma;upperarm;82;;one point;1
Middle;Kamille;Emma;upperarm;83;;one point;1
Middle;Kamille;Emma;upperarm;84;;one point;2
Middle;Kamille;Emma;upperarm;85;45mm;two points;2
Middle;Kamille;Emma;upperarm;86;;one point;1
Middle;Kamille;Emma;upperarm;87;30mm;two points;2
Middle;Kamille;Emma;upperarm;88;40mm;two points;2
Middle;Kamille;Emma;upperarm;89;30mm;two points;2
Middle;Kamille;Emma;upperarm;90;;one point;1
Middle;Kamille;Emma;upperarm;91;;one point;1
Middle;Kamille;Emma;upperarm;92;35mm;two points;2
Middle;Kamille;Emma;upperarm;93;40mm;two points;2
Middle;Kamille;Emma;upperarm;94;45mm;two points;2
Middle;Kamille;Emma;upperarm;95;40mm;two points;2
Middle;Kamille;Emma;upperarm;96;;one point;2
Middle;Kamille;Emma;upperarm;97;;one point;1
Middle;Kamille;Emma;upperarm;98;35mm;two points;2
Middle;Kamille;Emma;upperarm;99;;one point;1
Middle;Kamille;Emma;upperarm;100;35mm;two points;2
Middle;Kamille;Emma;upperarm;101;;one point;1
Middle;Kamille;Emma;upperarm;102;;one point;1
Middle;Kamille;Emma;upperarm;103;;one point;1
Middle;Kamille;Emma;upperarm;104;;one point;1
Middle;Kamille;Emma;upperarm;105;;one point;1
Middle;Kamille;Emma;upperarm;106;;one point;1
Middle;Kamille;Emma;upperarm;107;;one point;1
Middle;Kamille;Emma;upperarm;108;40mm;two points;2
Middle;Kamille;Emma;upperarm;109;;one point;1
Middle;Kamille;Emma;upperarm;110;25mm;two points;2
Middle;Kamille;Emma;upperarm;111;;one point;2
Middle;Kamille;Emma;upperarm;112;25mm;two points;1
Middle;Kamille;Emma;upperarm;113;25mm;two points;2
Middle;Kamille;Emma;upperarm;114;45mm;two points;2
Middle;Kamille;Emma;upperarm;115;;one point;2
Middle;Kamille;Emma;upperarm;116;;one point;1
Middle;Kamille;Emma;upperarm;117;;one point;1
Middle;Kamille;Emma;upperarm;118;35mm;two points;2
Middle;Kamille;Emma;upperarm;119;35mm;two points;2
Middle;Kamille;Emma;upperarm;120;25mm;two points;2
34;AmalieÊ;josephine;fingertip;1;;one point;1
34;AmalieÊ;josephine;fingertip;2;4mm;two points;2
34;AmalieÊ;josephine;fingertip;3;4mm;two points;2
34;AmalieÊ;josephine;fingertip;4;5mm;two points;2
34;AmalieÊ;josephine;fingertip;5;4mm;two points;2
34;AmalieÊ;josephine;fingertip;6;;one point;1
34;AmalieÊ;josephine;fingertip;7;4mm;two points;2
34;AmalieÊ;josephine;fingertip;8;4mm;two points;2
34;AmalieÊ;josephine;fingertip;9;;one point;1
34;AmalieÊ;josephine;fingertip;10;5mm;two points;2
34;AmalieÊ;josephine;fingertip;11;2mm;two points;2
34;AmalieÊ;josephine;fingertip;12;;one point;1
34;AmalieÊ;josephine;fingertip;13;4mm;two points;2
34;AmalieÊ;josephine;fingertip;14;;one point;1
34;AmalieÊ;josephine;fingertip;15;1mm;two points;2
34;AmalieÊ;josephine;fingertip;16;3mm;two points;2
34;AmalieÊ;josephine;fingertip;17;;one point;1
34;AmalieÊ;josephine;fingertip;18;;one point;1
34;AmalieÊ;josephine;fingertip;19;;one point;1
34;AmalieÊ;josephine;fingertip;20;3mm;two points;2
34;AmalieÊ;josephine;fingertip;21;;one point;1
34;AmalieÊ;josephine;fingertip;22;3mm;two points;2
34;AmalieÊ;josephine;fingertip;23;;one point;2
34;AmalieÊ;josephine;fingertip;24;5mm;two points;2
34;AmalieÊ;josephine;fingertip;25;;one point;1
34;AmalieÊ;josephine;fingertip;26;;one point;1
34;AmalieÊ;josephine;fingertip;27;;one point;1
34;AmalieÊ;josephine;fingertip;28;3mm;two points;2
34;AmalieÊ;josephine;fingertip;29;;one point;1
34;AmalieÊ;josephine;fingertip;30;;one point;1
34;AmalieÊ;josephine;fingertip;31;1mm;two points;2
34;AmalieÊ;josephine;fingertip;32;;one point;1
34;AmalieÊ;josephine;fingertip;33;2mm;two points;1
34;AmalieÊ;josephine;fingertip;34;;one point;1
34;AmalieÊ;josephine;fingertip;35;3mm;two points;2
34;AmalieÊ;josephine;fingertip;36;2mm;two points;2
34;AmalieÊ;josephine;fingertip;37;3mm;two points;2
34;AmalieÊ;josephine;fingertip;38;;one point;2
34;AmalieÊ;josephine;fingertip;39;3mm;two points;2
34;AmalieÊ;josephine;fingertip;40;2mm;two points;1
34;AmalieÊ;josephine;fingertip;41;;one point;1
34;AmalieÊ;josephine;fingertip;42;;one point;1
34;AmalieÊ;josephine;fingertip;43;;one point;1
34;AmalieÊ;josephine;fingertip;44;1mm;two points;1
34;AmalieÊ;josephine;fingertip;45;3mm;two points;2
34;AmalieÊ;josephine;fingertip;46;3mm;two points;2
34;AmalieÊ;josephine;fingertip;47;1mm;two points;1
34;AmalieÊ;josephine;fingertip;48;2mm;two points;2
34;AmalieÊ;josephine;fingertip;49;;one point;1
34;AmalieÊ;josephine;fingertip;50;5mm;two points;2
34;AmalieÊ;josephine;fingertip;51;;one point;1
34;AmalieÊ;josephine;fingertip;52;;one point;1
34;AmalieÊ;josephine;fingertip;53;;one point;1
34;AmalieÊ;josephine;fingertip;54;4mm;two points;2
34;AmalieÊ;josephine;fingertip;55;1mm;two points;2
34;AmalieÊ;josephine;fingertip;56;;one point;1
34;AmalieÊ;josephine;fingertip;57;5mm;two points;2
34;AmalieÊ;josephine;fingertip;58;2mm;two points;2
34;AmalieÊ;josephine;fingertip;59;;one point;2
34;AmalieÊ;josephine;fingertip;60;;one point;2
34;AmalieÊ;josephine;fingertip;61;;one point;2
34;AmalieÊ;josephine;fingertip;62;;one point;1
34;AmalieÊ;josephine;fingertip;63;2mm;two points;2
34;AmalieÊ;josephine;fingertip;64;2mm;two points;2
34;AmalieÊ;josephine;fingertip;65;2mm;two points;2
34;AmalieÊ;josephine;fingertip;66;;one point;1
34;AmalieÊ;josephine;fingertip;67;;one point;1
34;AmalieÊ;josephine;fingertip;68;1mm;two points;1
34;AmalieÊ;josephine;fingertip;69;;one point;2
34;AmalieÊ;josephine;fingertip;70;;one point;1
34;AmalieÊ;josephine;fingertip;71;;one point;1
34;AmalieÊ;josephine;fingertip;72;2mm;two points;2
34;AmalieÊ;josephine;fingertip;73;2mm;two points;2
34;AmalieÊ;josephine;fingertip;74;1mm;two points;2
34;AmalieÊ;josephine;fingertip;75;;one point;1
34;AmalieÊ;josephine;fingertip;76;;one point;1
34;AmalieÊ;josephine;fingertip;77;5mm;two points;2
34;AmalieÊ;josephine;fingertip;78;5mm;two points;2
34;AmalieÊ;josephine;fingertip;79;;one point;1
34;AmalieÊ;josephine;fingertip;80;1mm;two points;1
34;AmalieÊ;josephine;fingertip;81;4mm;two points;2
34;AmalieÊ;josephine;fingertip;82;2mm;two points;2
34;AmalieÊ;josephine;fingertip;83;;one point;1
34;AmalieÊ;josephine;fingertip;84;1mm;two points;2
34;AmalieÊ;josephine;fingertip;85;;one point;1
34;AmalieÊ;josephine;fingertip;86;5mm;two points;2
34;AmalieÊ;josephine;fingertip;87;;one point;1
34;AmalieÊ;josephine;fingertip;88;;one point;1
34;AmalieÊ;josephine;fingertip;89;5mm;two points;2
34;AmalieÊ;josephine;fingertip;90;;one point;1
34;AmalieÊ;josephine;fingertip;91;;one point;1
34;AmalieÊ;josephine;fingertip;92;4mm;two points;2
34;AmalieÊ;josephine;fingertip;93;;one point;1
34;AmalieÊ;josephine;fingertip;94;4mm;two points;2
34;AmalieÊ;josephine;fingertip;95;;one point;1
34;AmalieÊ;josephine;fingertip;96;3mm;two points;2
34;AmalieÊ;josephine;fingertip;97;;one point;1
34;AmalieÊ;josephine;fingertip;98;;one point;1
34;AmalieÊ;josephine;fingertip;99;3mm;two points;2
34;AmalieÊ;josephine;fingertip;100;;one point;1
34;AmalieÊ;josephine;fingertip;101;;one point;1
34;AmalieÊ;josephine;fingertip;102;;one point;1
34;AmalieÊ;josephine;fingertip;103;5mm;two points;2
34;AmalieÊ;josephine;fingertip;104;;one point;1
34;AmalieÊ;josephine;fingertip;105;;one point;2
34;AmalieÊ;josephine;fingertip;106;;one point;2
34;AmalieÊ;josephine;fingertip;107;;one point;1
34;AmalieÊ;josephine;fingertip;108;3mm;two points;2
34;AmalieÊ;josephine;fingertip;109;5mm;two points;2
34;AmalieÊ;josephine;fingertip;110;4mm;two points;2
34;AmalieÊ;josephine;fingertip;111;1mm;two points;2
34;AmalieÊ;josephine;fingertip;112;5mm;two points;2
34;AmalieÊ;josephine;fingertip;113;1mm;two points;2
34;AmalieÊ;josephine;fingertip;114;;one point;1
34;AmalieÊ;josephine;fingertip;115;;one point;1
34;AmalieÊ;josephine;fingertip;116;;one point;1
34;AmalieÊ;josephine;fingertip;117;4mm;two points;2
34;AmalieÊ;josephine;fingertip;118;;one point;1
34;AmalieÊ;josephine;fingertip;119;1mm;two points;2
34;AmalieÊ;josephine;fingertip;120;;one point;2
34;josephine;AmalieÊ;upperarm;1;;one point;1
34;josephine;AmalieÊ;upperarm;2;45mm;two points;2
34;josephine;AmalieÊ;upperarm;3;;one point;1
34;josephine;AmalieÊ;upperarm;4;30mm;two points;1
34;josephine;AmalieÊ;upperarm;5;35mm;two points;2
34;josephine;AmalieÊ;upperarm;6;35mm;two points;1
34;josephine;AmalieÊ;upperarm;7;;one point;1
34;josephine;AmalieÊ;upperarm;8;40mm;two points;1
34;josephine;AmalieÊ;upperarm;9;35mm;two points;1
34;josephine;AmalieÊ;upperarm;10;40mm;two points;2
34;josephine;AmalieÊ;upperarm;11;45mm;two points;1
34;josephine;AmalieÊ;upperarm;12;30mm;two points;1
34;josephine;AmalieÊ;upperarm;13;;one point;1
34;josephine;AmalieÊ;upperarm;14;;one point;1
34;josephine;AmalieÊ;upperarm;15;45mm;two points;1
34;josephine;AmalieÊ;upperarm;16;;one point;1
34;josephine;AmalieÊ;upperarm;17;;one point;1
34;josephine;AmalieÊ;upperarm;18;40mm;two points;1
34;josephine;AmalieÊ;upperarm;19;25mm;two points;1
34;josephine;AmalieÊ;upperarm;20;30mm;two points;1
34;josephine;AmalieÊ;upperarm;21;45mm;two points;2
34;josephine;AmalieÊ;upperarm;22;25mm;two points;1
34;josephine;AmalieÊ;upperarm;23;40mm;two points;2
34;josephine;AmalieÊ;upperarm;24;30mm;two points;1
34;josephine;AmalieÊ;upperarm;25;45mm;two points;2
34;josephine;AmalieÊ;upperarm;26;;one point;1
34;josephine;AmalieÊ;upperarm;27;;one point;1
34;josephine;AmalieÊ;upperarm;28;;one point;1
34;josephine;AmalieÊ;upperarm;29;;one point;1
34;josephine;AmalieÊ;upperarm;30;;one point;2
34;josephine;AmalieÊ;upperarm;31;35mm;two points;1
34;josephine;AmalieÊ;upperarm;32;;one point;1
34;josephine;AmalieÊ;upperarm;33;25mm;two points;1
34;josephine;AmalieÊ;upperarm;34;;one point;2
34;josephine;AmalieÊ;upperarm;35;;one point;1
34;josephine;AmalieÊ;upperarm;36;25mm;two points;2
34;josephine;AmalieÊ;upperarm;37;;one point;1
34;josephine;AmalieÊ;upperarm;38;;one point;1
34;josephine;AmalieÊ;upperarm;39;;one point;2
34;josephine;AmalieÊ;upperarm;40;45mm;two points;2
34;josephine;AmalieÊ;upperarm;41;;one point;1
34;josephine;AmalieÊ;upperarm;42;25mm;two points;1
34;josephine;AmalieÊ;upperarm;43;;one point;1
34;josephine;AmalieÊ;upperarm;44;;one point;2
34;josephine;AmalieÊ;upperarm;45;;one point;1
34;josephine;AmalieÊ;upperarm;46;30mm;two points;1
34;josephine;AmalieÊ;upperarm;47;;one point;2
34;josephine;AmalieÊ;upperarm;48;;one point;1
34;josephine;AmalieÊ;upperarm;49;40mm;two points;1
34;josephine;AmalieÊ;upperarm;50;;one point;1
34;josephine;AmalieÊ;upperarm;51;;one point;1
34;josephine;AmalieÊ;upperarm;52;;one point;1
34;josephine;AmalieÊ;upperarm;53;45mm;two points;1
34;josephine;AmalieÊ;upperarm;54;;one point;1
34;josephine;AmalieÊ;upperarm;55;;one point;1
34;josephine;AmalieÊ;upperarm;56;30mm;two points;1
34;josephine;AmalieÊ;upperarm;57;;one point;1
34;josephine;AmalieÊ;upperarm;58;;one point;1
34;josephine;AmalieÊ;upperarm;59;25mm;two points;1
34;josephine;AmalieÊ;upperarm;60;;one point;1
34;josephine;AmalieÊ;upperarm;61;;one point;1
34;josephine;AmalieÊ;upperarm;62;;one point;1
34;josephine;AmalieÊ;upperarm;63;;one point;2
34;josephine;AmalieÊ;upperarm;64;30mm;two points;2
34;josephine;AmalieÊ;upperarm;65;40mm;two points;2
34;josephine;AmalieÊ;upperarm;66;;one point;2
34;josephine;AmalieÊ;upperarm;67;35mm;two points;2
34;josephine;AmalieÊ;upperarm;68;30mm;two points;2
34;josephine;AmalieÊ;upperarm;69;40mm;two points;2
34;josephine;AmalieÊ;upperarm;70;;one point;2
34;josephine;AmalieÊ;upperarm;71;35mm;two points;2
34;josephine;AmalieÊ;upperarm;72;40mm;two points;2
34;josephine;AmalieÊ;upperarm;73;30mm;two points;2
34;josephine;AmalieÊ;upperarm;74;45mm;two points;2
34;josephine;AmalieÊ;upperarm;75;;one point;2
34;josephine;AmalieÊ;upperarm;76;;one point;2
34;josephine;AmalieÊ;upperarm;77;30mm;two points;2
34;josephine;AmalieÊ;upperarm;78;25mm;two points;1
34;josephine;AmalieÊ;upperarm;79;45mm;two points;1
34;josephine;AmalieÊ;upperarm;80;25mm;two points;1
34;josephine;AmalieÊ;upperarm;81;35mm;two points;2
34;josephine;AmalieÊ;upperarm;82;;one point;1
34;josephine;AmalieÊ;upperarm;83;;one point;2
34;josephine;AmalieÊ;upperarm;84;;one point;1
34;josephine;AmalieÊ;upperarm;85;45mm;two points;1
34;josephine;AmalieÊ;upperarm;86;;one point;1
34;josephine;AmalieÊ;upperarm;87;30mm;two points;2
34;josephine;AmalieÊ;upperarm;88;40mm;two points;2
34;josephine;AmalieÊ;upperarm;89;30mm;two points;1
34;josephine;AmalieÊ;upperarm;90;;one point;2
34;josephine;AmalieÊ;upperarm;91;;one point;2
34;josephine;AmalieÊ;upperarm;92;35mm;two points;1
34;josephine;AmalieÊ;upperarm;93;40mm;two points;2
34;josephine;AmalieÊ;upperarm;94;45mm;two points;2
34;josephine;AmalieÊ;upperarm;95;40mm;two points;2
34;josephine;AmalieÊ;upperarm;96;;one point;1
34;josephine;AmalieÊ;upperarm;97;;one point;2
34;josephine;AmalieÊ;upperarm;98;35mm;two points;2
34;josephine;AmalieÊ;upperarm;99;;one point;2
34;josephine;AmalieÊ;upperarm;100;35mm;two points;2
34;josephine;AmalieÊ;upperarm;101;;one point;2
34;josephine;AmalieÊ;upperarm;102;;one point;1
34;josephine;AmalieÊ;upperarm;103;;one point;1
34;josephine;AmalieÊ;upperarm;104;;one point;2
34;josephine;AmalieÊ;upperarm;105;;one point;1
34;josephine;AmalieÊ;upperarm;106;;one point;1
34;josephine;AmalieÊ;upperarm;107;;one point;2
34;josephine;AmalieÊ;upperarm;108;40mm;two points;2
34;josephine;AmalieÊ;upperarm;109;;one point;1
34;josephine;AmalieÊ;upperarm;110;25mm;two points;2
34;josephine;AmalieÊ;upperarm;111;;one point;1
34;josephine;AmalieÊ;upperarm;112;25mm;two points;1
34;josephine;AmalieÊ;upperarm;113;25mm;two points;1
34;josephine;AmalieÊ;upperarm;114;45mm;two points;1
34;josephine;AmalieÊ;upperarm;115;;one point;1
34;josephine;AmalieÊ;upperarm;116;;one point;1
34;josephine;AmalieÊ;upperarm;117;;one point;1
34;josephine;AmalieÊ;upperarm;118;35mm;two points;2
34;josephine;AmalieÊ;upperarm;119;35mm;two points;2
34;josephine;AmalieÊ;upperarm;120;25mm;two points;1
362789;anna;sara;fingertip;1;;one point;1
362789;anna;sara;fingertip;2;4mm;two points;2
362789;anna;sara;fingertip;3;4mm;two points;2
362789;anna;sara;fingertip;4;5mm;two points;2
362789;anna;sara;fingertip;5;4mm;two points;2
362789;anna;sara;fingertip;6;;one point;1
362789;anna;sara;fingertip;7;4mm;two points;2
362789;anna;sara;fingertip;8;4mm;two points;2
362789;anna;sara;fingertip;9;;one point;1
362789;anna;sara;fingertip;10;5mm;two points;2
362789;anna;sara;fingertip;11;2mm;two points;1
362789;anna;sara;fingertip;12;;one point;1
362789;anna;sara;fingertip;13;4mm;two points;2
362789;anna;sara;fingertip;14;;one point;1
362789;anna;sara;fingertip;15;1mm;two points;1
362789;anna;sara;fingertip;16;3mm;two points;2
362789;anna;sara;fingertip;17;;one point;1
362789;anna;sara;fingertip;18;;one point;1
362789;anna;sara;fingertip;19;;one point;1
362789;anna;sara;fingertip;20;3mm;two points;2
362789;anna;sara;fingertip;21;;one point;1
362789;anna;sara;fingertip;22;3mm;two points;2
362789;anna;sara;fingertip;23;;one point;1
362789;anna;sara;fingertip;24;5mm;two points;2
362789;anna;sara;fingertip;25;;one point;1
362789;anna;sara;fingertip;26;;one point;1
362789;anna;sara;fingertip;27;;one point;1
362789;anna;sara;fingertip;28;3mm;two points;2
362789;anna;sara;fingertip;29;;one point;1
362789;anna;sara;fingertip;30;;one point;1
362789;anna;sara;fingertip;31;1mm;two points;2
362789;anna;sara;fingertip;32;;one point;1
362789;anna;sara;fingertip;33;2mm;two points;2
362789;anna;sara;fingertip;34;;one point;1
362789;anna;sara;fingertip;35;3mm;two points;2
362789;anna;sara;fingertip;36;2mm;two points;1
362789;anna;sara;fingertip;37;3mm;two points;2
362789;anna;sara;fingertip;38;;one point;1
362789;anna;sara;fingertip;39;3mm;two points;2
362789;anna;sara;fingertip;40;2mm;two points;1
362789;anna;sara;fingertip;41;;one point;1
362789;anna;sara;fingertip;42;;one point;1
362789;anna;sara;fingertip;43;;one point;1
362789;anna;sara;fingertip;44;1mm;two points;1
362789;anna;sara;fingertip;45;3mm;two points;1
362789;anna;sara;fingertip;46;3mm;two points;1
362789;anna;sara;fingertip;47;1mm;two points;2
362789;anna;sara;fingertip;48;2mm;two points;1
362789;anna;sara;fingertip;49;;one point;1
362789;anna;sara;fingertip;50;5mm;two points;2
362789;anna;sara;fingertip;51;;one point;1
362789;anna;sara;fingertip;52;;one point;1
362789;anna;sara;fingertip;53;;one point;1
362789;anna;sara;fingertip;54;4mm;two points;2
362789;anna;sara;fingertip;55;1mm;two points;1
362789;anna;sara;fingertip;56;;one point;1
362789;anna;sara;fingertip;57;5mm;two points;2
362789;anna;sara;fingertip;58;2mm;two points;1
362789;anna;sara;fingertip;59;;one point;1
362789;anna;sara;fingertip;60;;one point;1
362789;anna;sara;fingertip;61;;one point;1
362789;anna;sara;fingertip;62;;one point;1
362789;anna;sara;fingertip;63;2mm;two points;1
362789;anna;sara;fingertip;64;2mm;two points;2
362789;anna;sara;fingertip;65;2mm;two points;1
362789;anna;sara;fingertip;66;;one point;1
362789;anna;sara;fingertip;67;;one point;1
362789;anna;sara;fingertip;68;1mm;two points;2
362789;anna;sara;fingertip;69;;one point;1
362789;anna;sara;fingertip;70;;one point;1
362789;anna;sara;fingertip;71;;one point;1
362789;anna;sara;fingertip;72;2mm;two points;1
362789;anna;sara;fingertip;73;2mm;two points;2
362789;anna;sara;fingertip;74;1mm;two points;1
362789;anna;sara;fingertip;75;;one point;1
362789;anna;sara;fingertip;76;;one point;1
362789;anna;sara;fingertip;77;5mm;two points;2
362789;anna;sara;fingertip;78;5mm;two points;2
362789;anna;sara;fingertip;79;;one point;1
362789;anna;sara;fingertip;80;1mm;two points;1
362789;anna;sara;fingertip;81;4mm;two points;2
362789;anna;sara;fingertip;82;2mm;two points;1
362789;anna;sara;fingertip;83;;one point;1
362789;anna;sara;fingertip;84;1mm;two points;1
362789;anna;sara;fingertip;85;;one point;1
362789;anna;sara;fingertip;86;5mm;two points;2
362789;anna;sara;fingertip;87;;one point;1
362789;anna;sara;fingertip;88;;one point;1
362789;anna;sara;fingertip;89;5mm;two points;2
362789;anna;sara;fingertip;90;;one point;2
362789;anna;sara;fingertip;91;;one point;1
362789;anna;sara;fingertip;92;4mm;two points;2
362789;anna;sara;fingertip;93;;one point;1
362789;anna;sara;fingertip;94;4mm;two points;2
362789;anna;sara;fingertip;95;;one point;1
362789;anna;sara;fingertip;96;3mm;two points;2
362789;anna;sara;fingertip;97;;one point;1
362789;anna;sara;fingertip;98;;one point;1
362789;anna;sara;fingertip;99;3mm;two points;1
362789;anna;sara;fingertip;100;;one point;1
362789;anna;sara;fingertip;101;;one point;1
362789;anna;sara;fingertip;102;;one point;1
362789;anna;sara;fingertip;103;5mm;two points;2
362789;anna;sara;fingertip;104;;one point;1
362789;anna;sara;fingertip;105;;one point;1
362789;anna;sara;fingertip;106;;one point;1
362789;anna;sara;fingertip;107;;one point;1
362789;anna;sara;fingertip;108;3mm;two points;2
362789;anna;sara;fingertip;109;5mm;two points;2
362789;anna;sara;fingertip;110;4mm;two points;2
362789;anna;sara;fingertip;111;1mm;two points;1
362789;anna;sara;fingertip;112;5mm;two points;2
362789;anna;sara;fingertip;113;1mm;two points;1
362789;anna;sara;fingertip;114;;one point;1
362789;anna;sara;fingertip;115;;one point;1
362789;anna;sara;fingertip;116;;one point;1
362789;anna;sara;fingertip;117;4mm;two points;2
362789;anna;sara;fingertip;118;;one point;1
362789;anna;sara;fingertip;119;1mm;two points;1
362789;anna;sara;fingertip;120;;one point;1
362789;anna;sara;upperarm;1;;one point;1
362789;anna;sara;upperarm;2;45mm;two points;1
362789;anna;sara;upperarm;3;;one point;1
362789;anna;sara;upperarm;4;30mm;two points;1
362789;anna;sara;upperarm;5;35mm;two points;1
362789;anna;sara;upperarm;6;35mm;two points;1
362789;anna;sara;upperarm;7;;one point;1
362789;anna;sara;upperarm;8;40mm;two points;1
362789;anna;sara;upperarm;9;35mm;two points;1
362789;anna;sara;upperarm;10;40mm;two points;2
362789;anna;sara;upperarm;11;45mm;two points;2
362789;anna;sara;upperarm;12;30mm;two points;2
362789;anna;sara;upperarm;13;;one point;1
362789;anna;sara;upperarm;14;;one point;1
362789;anna;sara;upperarm;15;45mm;two points;2
362789;anna;sara;upperarm;16;;one point;1
362789;anna;sara;upperarm;17;;one point;1
362789;anna;sara;upperarm;18;40mm;two points;1
362789;anna;sara;upperarm;19;25mm;two points;1
362789;anna;sara;upperarm;20;30mm;two points;2
362789;anna;sara;upperarm;21;45mm;two points;2
362789;anna;sara;upperarm;22;25mm;two points;1
362789;anna;sara;upperarm;23;40mm;two points;2
362789;anna;sara;upperarm;24;30mm;two points;1
362789;anna;sara;upperarm;25;45mm;two points;1
362789;anna;sara;upperarm;26;;one point;1
362789;anna;sara;upperarm;27;;one point;1
362789;anna;sara;upperarm;28;;one point;1
362789;anna;sara;upperarm;29;;one point;1
362789;anna;sara;upperarm;30;;one point;1
362789;anna;sara;upperarm;31;35mm;two points;2
362789;anna;sara;upperarm;32;;one point;1
362789;anna;sara;upperarm;33;25mm;two points;1
362789;anna;sara;upperarm;34;;one point;1
362789;anna;sara;upperarm;35;;one point;1
362789;anna;sara;upperarm;36;25mm;two points;1
362789;anna;sara;upperarm;37;;one point;1
362789;anna;sara;upperarm;38;;one point;1
362789;anna;sara;upperarm;39;;one point;1
362789;anna;sara;upperarm;40;45mm;two points;2
362789;anna;sara;upperarm;41;;one point;1
362789;anna;sara;upperarm;42;25mm;two points;1
362789;anna;sara;upperarm;43;;one point;1
362789;anna;sara;upperarm;44;;one point;1
362789;anna;sara;upperarm;45;;one point;1
362789;anna;sara;upperarm;46;30mm;two points;2
362789;anna;sara;upperarm;47;;one point;1
362789;anna;sara;upperarm;48;;one point;1
362789;anna;sara;upperarm;49;40mm;two points;2
362789;anna;sara;upperarm;50;;one point;1
362789;anna;sara;upperarm;51;;one point;1
362789;anna;sara;upperarm;52;;one point;2
362789;anna;sara;upperarm;53;45mm;two points;2
362789;anna;sara;upperarm;54;;one point;2
362789;anna;sara;upperarm;55;;one point;1
362789;anna;sara;upperarm;56;30mm;two points;1
362789;anna;sara;upperarm;57;;one point;1
362789;anna;sara;upperarm;58;;one point;1
362789;anna;sara;upperarm;59;25mm;two points;1
362789;anna;sara;upperarm;60;;one point;1
362789;anna;sara;upperarm;61;;one point;1
362789;anna;sara;upperarm;62;;one point;1
362789;anna;sara;upperarm;63;;one point;1
362789;anna;sara;upperarm;64;30mm;two points;1
362789;anna;sara;upperarm;65;40mm;two points;2
362789;anna;sara;upperarm;66;;one point;1
362789;anna;sara;upperarm;67;35mm;two points;2
362789;anna;sara;upperarm;68;30mm;two points;1
362789;anna;sara;upperarm;69;40mm;two points;2
362789;anna;sara;upperarm;70;;one point;1
362789;anna;sara;upperarm;71;35mm;two points;2
362789;anna;sara;upperarm;72;40mm;two points;2
362789;anna;sara;upperarm;73;30mm;two points;1
362789;anna;sara;upperarm;74;45mm;two points;1
362789;anna;sara;upperarm;75;;one point;1
362789;anna;sara;upperarm;76;;one point;1
362789;anna;sara;upperarm;77;30mm;two points;1
362789;anna;sara;upperarm;78;25mm;two points;1
362789;anna;sara;upperarm;79;45mm;two points;2
362789;anna;sara;upperarm;80;25mm;two points;1
362789;anna;sara;upperarm;81;35mm;two points;1
362789;anna;sara;upperarm;82;;one point;1
362789;anna;sara;upperarm;83;;one point;1
362789;anna;sara;upperarm;84;;one point;1
362789;anna;sara;upperarm;85;45mm;two points;2
362789;anna;sara;upperarm;86;;one point;1
362789;anna;sara;upperarm;87;30mm;two points;2
362789;anna;sara;upperarm;88;40mm;two points;2
362789;anna;sara;upperarm;89;30mm;two points;2
362789;anna;sara;upperarm;90;;one point;1
362789;anna;sara;upperarm;91;;one point;1
362789;anna;sara;upperarm;92;35mm;two points;1
362789;anna;sara;upperarm;93;40mm;two points;2
362789;anna;sara;upperarm;94;45mm;two points;2
362789;anna;sara;upperarm;95;40mm;two points;2
362789;anna;sara;upperarm;96;;one point;1
362789;anna;sara;upperarm;97;;one point;1
362789;anna;sara;upperarm;98;35mm;two points;1
362789;anna;sara;upperarm;99;;one point;1
362789;anna;sara;upperarm;100;35mm;two points;2
362789;anna;sara;upperarm;101;;one point;1
362789;anna;sara;upperarm;102;;one point;1
362789;anna;sara;upperarm;103;;one point;1
362789;anna;sara;upperarm;104;;one point;1
362789;anna;sara;upperarm;105;;one point;1
362789;anna;sara;upperarm;106;;one point;1
362789;anna;sara;upperarm;107;;one point;1
362789;anna;sara;upperarm;108;40mm;two points;2
362789;anna;sara;upperarm;109;;one point;1
362789;anna;sara;upperarm;110;25mm;two points;2
362789;anna;sara;upperarm;111;;one point;1
362789;anna;sara;upperarm;112;25mm;two points;1
362789;anna;sara;upperarm;113;25mm;two points;1
362789;anna;sara;upperarm;114;45mm;two points;2
362789;anna;sara;upperarm;115;;one point;1
362789;anna;sara;upperarm;116;;one point;1
362789;anna;sara;upperarm;117;;one point;1
362789;anna;sara;upperarm;118;35mm;two points;1
362789;anna;sara;upperarm;119;35mm;two points;1
362789;anna;sara;upperarm;120;25mm;two points;1
OLE;OL;EL;fingertip;1;;one point;1
OLE;OL;EL;fingertip;2;4mm;two points;2
OLE;OL;EL;fingertip;3;4mm;two points;2
OLE;OL;EL;fingertip;4;5mm;two points;2
OLE;OL;EL;fingertip;5;4mm;two points;2
OLE;OL;EL;fingertip;6;;one point;1
OLE;OL;EL;fingertip;7;4mm;two points;2
OLE;OL;EL;fingertip;8;4mm;two points;2
OLE;OL;EL;fingertip;9;;one point;1
OLE;OL;EL;fingertip;10;5mm;two points;2
OLE;OL;EL;fingertip;11;2mm;two points;2
OLE;OL;EL;fingertip;12;;one point;1
OLE;OL;EL;fingertip;13;4mm;two points;2
OLE;OL;EL;fingertip;14;;one point;1
OLE;OL;EL;fingertip;15;1mm;two points;2
OLE;OL;EL;fingertip;16;3mm;two points;2
OLE;OL;EL;fingertip;17;;one point;1
OLE;OL;EL;fingertip;18;;one point;1
OLE;OL;EL;fingertip;19;;one point;1
OLE;OL;EL;fingertip;20;3mm;two points;2
OLE;OL;EL;fingertip;21;;one point;1
OLE;OL;EL;fingertip;22;3mm;two points;2
OLE;OL;EL;fingertip;23;;one point;1
OLE;OL;EL;fingertip;24;5mm;two points;2
OLE;OL;EL;fingertip;25;;one point;1
OLE;OL;EL;fingertip;26;;one point;1
OLE;OL;EL;fingertip;27;;one point;1
OLE;OL;EL;fingertip;28;3mm;two points;2
OLE;OL;EL;fingertip;29;;one point;1
OLE;OL;EL;fingertip;30;;one point;1
OLE;OL;EL;fingertip;31;1mm;two points;1
OLE;OL;EL;fingertip;32;;one point;1
OLE;OL;EL;fingertip;33;2mm;two points;2
OLE;OL;EL;fingertip;34;;one point;1
OLE;OL;EL;fingertip;35;3mm;two points;2
OLE;OL;EL;fingertip;36;2mm;two points;2
OLE;OL;EL;fingertip;37;3mm;two points;2
OLE;OL;EL;fingertip;38;;one point;1
OLE;OL;EL;fingertip;39;3mm;two points;2
OLE;OL;EL;fingertip;40;2mm;two points;2
OLE;OL;EL;fingertip;41;;one point;1
OLE;OL;EL;fingertip;42;;one point;1
OLE;OL;EL;fingertip;43;;one point;1
OLE;OL;EL;fingertip;44;1mm;two points;2
OLE;OL;EL;fingertip;45;3mm;two points;2
OLE;OL;EL;fingertip;46;3mm;two points;2
OLE;OL;EL;fingertip;47;1mm;two points;2
OLE;OL;EL;fingertip;48;2mm;two points;2
OLE;OL;EL;fingertip;49;;one point;1
OLE;OL;EL;fingertip;50;5mm;two points;2
OLE;OL;EL;fingertip;51;;one point;1
OLE;OL;EL;fingertip;52;;one point;1
OLE;OL;EL;fingertip;53;;one point;1
OLE;OL;EL;fingertip;54;4mm;two points;2
OLE;OL;EL;fingertip;55;1mm;two points;1
OLE;OL;EL;fingertip;56;;one point;1
OLE;OL;EL;fingertip;57;5mm;two points;2
OLE;OL;EL;fingertip;58;2mm;two points;1
OLE;OL;EL;fingertip;59;;one point;1
OLE;OL;EL;fingertip;60;;one point;1
OLE;OL;EL;fingertip;61;;one point;1
OLE;OL;EL;fingertip;62;;one point;1
OLE;OL;EL;fingertip;63;2mm;two points;2
OLE;OL;EL;fingertip;64;2mm;two points;2
OLE;OL;EL;fingertip;65;2mm;two points;2
OLE;OL;EL;fingertip;66;;one point;1
OLE;OL;EL;fingertip;67;;one point;1
OLE;OL;EL;fingertip;68;1mm;two points;1
OLE;OL;EL;fingertip;69;;one point;1
OLE;OL;EL;fingertip;70;;one point;1
OLE;OL;EL;fingertip;71;;one point;1
OLE;OL;EL;fingertip;72;2mm;two points;2
OLE;OL;EL;fingertip;73;2mm;two points;1
OLE;OL;EL;fingertip;74;1mm;two points;2
OLE;OL;EL;fingertip;75;;one point;1
OLE;OL;EL;fingertip;76;;one point;1
OLE;OL;EL;fingertip;77;5mm;two points;2
OLE;OL;EL;fingertip;78;5mm;two points;2
OLE;OL;EL;fingertip;79;;one point;1
OLE;OL;EL;fingertip;80;1mm;two points;2
OLE;OL;EL;fingertip;81;4mm;two points;2
OLE;OL;EL;fingertip;82;2mm;two points;1
OLE;OL;EL;fingertip;83;;one point;1
OLE;OL;EL;fingertip;84;1mm;two points;1
OLE;OL;EL;fingertip;85;;one point;1
OLE;OL;EL;fingertip;86;5mm;two points;2
OLE;OL;EL;fingertip;87;;one point;1
OLE;OL;EL;fingertip;88;;one point;1
OLE;OL;EL;fingertip;89;5mm;two points;2
OLE;OL;EL;fingertip;90;;one point;1
OLE;OL;EL;fingertip;91;;one point;1
OLE;OL;EL;fingertip;92;4mm;two points;2
OLE;OL;EL;fingertip;93;;one point;1
OLE;OL;EL;fingertip;94;4mm;two points;2
OLE;OL;EL;fingertip;95;;one point;1
OLE;OL;EL;fingertip;96;3mm;two points;2
OLE;OL;EL;fingertip;97;;one point;1
OLE;OL;EL;fingertip;98;;one point;1
OLE;OL;EL;fingertip;99;3mm;two points;2
OLE;OL;EL;fingertip;100;;one point;1
OLE;OL;EL;fingertip;101;;one point;1
OLE;OL;EL;fingertip;102;;one point;1
OLE;OL;EL;fingertip;103;5mm;two points;2
OLE;OL;EL;fingertip;104;;one point;1
OLE;OL;EL;fingertip;105;;one point;1
OLE;OL;EL;fingertip;106;;one point;1
OLE;OL;EL;fingertip;107;;one point;1
OLE;OL;EL;fingertip;108;3mm;two points;2
OLE;OL;EL;fingertip;109;5mm;two points;2
OLE;OL;EL;fingertip;110;4mm;two points;2
OLE;OL;EL;fingertip;111;1mm;two points;1
OLE;OL;EL;fingertip;112;5mm;two points;2
OLE;OL;EL;fingertip;113;1mm;two points;1
OLE;OL;EL;fingertip;114;;one point;1
OLE;OL;EL;fingertip;115;;one point;1
OLE;OL;EL;fingertip;116;;one point;1
OLE;OL;EL;fingertip;117;4mm;two points;2
OLE;OL;EL;fingertip;118;;one point;1
OLE;OL;EL;fingertip;119;1mm;two points;1
OLE;OL;EL;fingertip;120;;one point;1
OLE;EL;OL;upperarm;1;;one point;1
OLE;EL;OL;upperarm;2;45mm;two points;2
OLE;EL;OL;upperarm;3;;one point;1
OLE;EL;OL;upperarm;4;30mm;two points;2
OLE;EL;OL;upperarm;5;35mm;two points;1
OLE;EL;OL;upperarm;6;35mm;two points;1
OLE;EL;OL;upperarm;7;;one point;1
OLE;EL;OL;upperarm;8;40mm;two points;2
OLE;EL;OL;upperarm;9;35mm;two points;1
OLE;EL;OL;upperarm;10;40mm;two points;1
OLE;EL;OL;upperarm;11;45mm;two points;1
OLE;EL;OL;upperarm;12;30mm;two points;1
OLE;EL;OL;upperarm;13;;one point;1
OLE;EL;OL;upperarm;14;;one point;2
OLE;EL;OL;upperarm;15;45mm;two points;2
OLE;EL;OL;upperarm;16;;one point;1
OLE;EL;OL;upperarm;17;;one point;1
OLE;EL;OL;upperarm;18;40mm;two points;1
OLE;EL;OL;upperarm;19;25mm;two points;1
OLE;EL;OL;upperarm;20;30mm;two points;1
OLE;EL;OL;upperarm;21;45mm;two points;1
OLE;EL;OL;upperarm;22;25mm;two points;1
OLE;EL;OL;upperarm;23;40mm;two points;2
OLE;EL;OL;upperarm;24;30mm;two points;1
OLE;EL;OL;upperarm;25;45mm;two points;2
OLE;EL;OL;upperarm;26;;one point;1
OLE;EL;OL;upperarm;27;;one point;1
OLE;EL;OL;upperarm;28;;one point;1
OLE;EL;OL;upperarm;29;;one point;1
OLE;EL;OL;upperarm;30;;one point;1
OLE;EL;OL;upperarm;31;35mm;two points;1
OLE;EL;OL;upperarm;32;;one point;1
OLE;EL;OL;upperarm;33;25mm;two points;1
OLE;EL;OL;upperarm;34;;one point;1
OLE;EL;OL;upperarm;35;;one point;1
OLE;EL;OL;upperarm;36;25mm;two points;2
OLE;EL;OL;upperarm;37;;one point;1
OLE;EL;OL;upperarm;38;;one point;1
OLE;EL;OL;upperarm;39;;one point;1
OLE;EL;OL;upperarm;40;45mm;two points;1
OLE;EL;OL;upperarm;41;;one point;1
OLE;EL;OL;upperarm;42;25mm;two points;2
OLE;EL;OL;upperarm;43;;one point;1
OLE;EL;OL;upperarm;44;;one point;1
OLE;EL;OL;upperarm;45;;one point;1
OLE;EL;OL;upperarm;46;30mm;two points;2
OLE;EL;OL;upperarm;47;;one point;1
OLE;EL;OL;upperarm;48;;one point;1
OLE;EL;OL;upperarm;49;40mm;two points;1
OLE;EL;OL;upperarm;50;;one point;1
OLE;EL;OL;upperarm;51;;one point;2
OLE;EL;OL;upperarm;52;;one point;1
OLE;EL;OL;upperarm;53;45mm;two points;1
OLE;EL;OL;upperarm;54;;one point;1
OLE;EL;OL;upperarm;55;;one point;1
OLE;EL;OL;upperarm;56;30mm;two points;1
OLE;EL;OL;upperarm;57;;one point;1
OLE;EL;OL;upperarm;58;;one point;1
OLE;EL;OL;upperarm;59;25mm;two points;2
OLE;EL;OL;upperarm;60;;one point;1
OLE;EL;OL;upperarm;61;;one point;1
OLE;EL;OL;upperarm;62;;one point;1
OLE;EL;OL;upperarm;63;;one point;2
OLE;EL;OL;upperarm;64;30mm;two points;2
OLE;EL;OL;upperarm;65;40mm;two points;2
OLE;EL;OL;upperarm;66;;one point;2
OLE;EL;OL;upperarm;67;35mm;two points;2
OLE;EL;OL;upperarm;68;30mm;two points;1
OLE;EL;OL;upperarm;69;40mm;two points;1
OLE;EL;OL;upperarm;70;;one point;1
OLE;EL;OL;upperarm;71;35mm;two points;1
OLE;EL;OL;upperarm;72;40mm;two points;1
OLE;EL;OL;upperarm;73;30mm;two points;1
OLE;EL;OL;upperarm;74;45mm;two points;2
OLE;EL;OL;upperarm;75;;one point;2
OLE;EL;OL;upperarm;76;;one point;1
OLE;EL;OL;upperarm;77;30mm;two points;1
OLE;EL;OL;upperarm;78;25mm;two points;1
OLE;EL;OL;upperarm;79;45mm;two points;2
OLE;EL;OL;upperarm;80;25mm;two points;2
OLE;EL;OL;upperarm;81;35mm;two points;2
OLE;EL;OL;upperarm;82;;one point;1
OLE;EL;OL;upperarm;83;;one point;1
OLE;EL;OL;upperarm;84;;one point;2
OLE;EL;OL;upperarm;85;45mm;two points;1
OLE;EL;OL;upperarm;86;;one point;1
OLE;EL;OL;upperarm;87;30mm;two points;2
OLE;EL;OL;upperarm;88;40mm;two points;1
OLE;EL;OL;upperarm;89;30mm;two points;2
OLE;EL;OL;upperarm;90;;one point;1
OLE;EL;OL;upperarm;91;;one point;1
OLE;EL;OL;upperarm;92;35mm;two points;1
OLE;EL;OL;upperarm;93;40mm;two points;1
OLE;EL;OL;upperarm;94;45mm;two points;2
OLE;EL;OL;upperarm;95;40mm;two points;2
OLE;EL;OL;upperarm;96;;one point;1
OLE;EL;OL;upperarm;97;;one point;1
OLE;EL;OL;upperarm;98;35mm;two points;1
OLE;EL;OL;upperarm;99;;one point;1
OLE;EL;OL;upperarm;100;35mm;two points;2
OLE;EL;OL;upperarm;101;;one point;1
OLE;EL;OL;upperarm;102;;one point;1
OLE;EL;OL;upperarm;103;;one point;1
OLE;EL;OL;upperarm;104;;one point;1
OLE;EL;OL;upperarm;105;;one point;1
OLE;EL;OL;upperarm;106;;one point;2
OLE;EL;OL;upperarm;107;;one point;1
OLE;EL;OL;upperarm;108;40mm;two points;1
OLE;EL;OL;upperarm;109;;one point;1
OLE;EL;OL;upperarm;110;25mm;two points;2
OLE;EL;OL;upperarm;111;;one point;2
OLE;EL;OL;upperarm;112;25mm;two points;2
OLE;EL;OL;upperarm;113;25mm;two points;1
OLE;EL;OL;upperarm;114;45mm;two points;2
OLE;EL;OL;upperarm;115;;one point;1
OLE;EL;OL;upperarm;116;;one point;1
OLE;EL;OL;upperarm;117;;one point;1
OLE;EL;OL;upperarm;118;35mm;two points;1
OLE;EL;OL;upperarm;119;35mm;two points;1
OLE;EL;OL;upperarm;120;25mm;two points;1
MBL;Liv;Bruno;fingertip;1;;one point;1
MBL;Liv;Bruno;fingertip;2;4mm;two points;2
MBL;Liv;Bruno;fingertip;3;4mm;two points;2
MBL;Liv;Bruno;fingertip;4;5mm;two points;2
MBL;Liv;Bruno;fingertip;5;4mm;two points;2
MBL;Liv;Bruno;fingertip;6;;one point;1
MBL;Liv;Bruno;fingertip;7;4mm;two points;2
MBL;Liv;Bruno;fingertip;8;4mm;two points;2
MBL;Liv;Bruno;fingertip;9;;one point;1
MBL;Liv;Bruno;fingertip;10;5mm;two points;2
MBL;Liv;Bruno;fingertip;11;2mm;two points;1
MBL;Liv;Bruno;fingertip;12;;one point;1
MBL;Liv;Bruno;fingertip;13;4mm;two points;2
MBL;Liv;Bruno;fingertip;14;;one point;1
MBL;Liv;Bruno;fingertip;15;1mm;two points;1
MBL;Liv;Bruno;fingertip;16;3mm;two points;2
MBL;Liv;Bruno;fingertip;17;;one point;1
MBL;Liv;Bruno;fingertip;18;;one point;1
MBL;Liv;Bruno;fingertip;19;;one point;1
MBL;Liv;Bruno;fingertip;20;3mm;two points;1
MBL;Liv;Bruno;fingertip;21;;one point;1
MBL;Liv;Bruno;fingertip;22;3mm;two points;2
MBL;Liv;Bruno;fingertip;23;;one point;1
MBL;Liv;Bruno;fingertip;24;5mm;two points;2
MBL;Liv;Bruno;fingertip;25;;one point;1
MBL;Liv;Bruno;fingertip;26;;one point;1
MBL;Liv;Bruno;fingertip;27;;one point;1
MBL;Liv;Bruno;fingertip;28;3mm;two points;2
MBL;Liv;Bruno;fingertip;29;;one point;1
MBL;Liv;Bruno;fingertip;30;;one point;1
MBL;Liv;Bruno;fingertip;31;1mm;two points;2
MBL;Liv;Bruno;fingertip;32;;one point;1
MBL;Liv;Bruno;fingertip;33;2mm;two points;2
MBL;Liv;Bruno;fingertip;34;;one point;1
MBL;Liv;Bruno;fingertip;35;3mm;two points;2
MBL;Liv;Bruno;fingertip;36;2mm;two points;2
MBL;Liv;Bruno;fingertip;37;3mm;two points;2
MBL;Liv;Bruno;fingertip;38;;one point;1
MBL;Liv;Bruno;fingertip;39;3mm;two points;2
MBL;Liv;Bruno;fingertip;40;2mm;two points;2
MBL;Liv;Bruno;fingertip;41;;one point;2
MBL;Liv;Bruno;fingertip;42;;one point;1
MBL;Liv;Bruno;fingertip;43;;one point;1
MBL;Liv;Bruno;fingertip;44;1mm;two points;1
MBL;Liv;Bruno;fingertip;45;3mm;two points;2
MBL;Liv;Bruno;fingertip;46;3mm;two points;1
MBL;Liv;Bruno;fingertip;47;1mm;two points;1
MBL;Liv;Bruno;fingertip;48;2mm;two points;2
MBL;Liv;Bruno;fingertip;49;;one point;1
MBL;Liv;Bruno;fingertip;50;5mm;two points;2
MBL;Liv;Bruno;fingertip;51;;one point;1
MBL;Liv;Bruno;fingertip;52;;one point;1
MBL;Liv;Bruno;fingertip;53;;one point;1
MBL;Liv;Bruno;fingertip;54;4mm;two points;2
MBL;Liv;Bruno;fingertip;55;1mm;two points;1
MBL;Liv;Bruno;fingertip;56;;one point;1
MBL;Liv;Bruno;fingertip;57;5mm;two points;2
MBL;Liv;Bruno;fingertip;58;2mm;two points;2
MBL;Liv;Bruno;fingertip;59;;one point;1
MBL;Liv;Bruno;fingertip;60;;one point;1
MBL;Liv;Bruno;fingertip;61;;one point;1
MBL;Liv;Bruno;fingertip;62;;one point;1
MBL;Liv;Bruno;fingertip;63;2mm;two points;2
MBL;Liv;Bruno;fingertip;64;2mm;two points;2
MBL;Liv;Bruno;fingertip;65;2mm;two points;2
MBL;Liv;Bruno;fingertip;66;;one point;1
MBL;Liv;Bruno;fingertip;67;;one point;2
MBL;Liv;Bruno;fingertip;68;1mm;two points;2
MBL;Liv;Bruno;fingertip;69;;one point;1
MBL;Liv;Bruno;fingertip;70;;one point;1
MBL;Liv;Bruno;fingertip;71;;one point;1
MBL;Liv;Bruno;fingertip;72;2mm;two points;2
MBL;Liv;Bruno;fingertip;73;2mm;two points;2
MBL;Liv;Bruno;fingertip;74;1mm;two points;1
MBL;Liv;Bruno;fingertip;75;;one point;2
MBL;Liv;Bruno;fingertip;76;;one point;2
MBL;Liv;Bruno;fingertip;77;5mm;two points;2
MBL;Liv;Bruno;fingertip;78;5mm;two points;2
MBL;Liv;Bruno;fingertip;79;;one point;1
MBL;Liv;Bruno;fingertip;80;1mm;two points;1
MBL;Liv;Bruno;fingertip;81;4mm;two points;2
MBL;Liv;Bruno;fingertip;82;2mm;two points;2
MBL;Liv;Bruno;fingertip;83;;one point;1
MBL;Liv;Bruno;fingertip;84;1mm;two points;1
MBL;Liv;Bruno;fingertip;85;;one point;1
MBL;Liv;Bruno;fingertip;86;5mm;two points;2
MBL;Liv;Bruno;fingertip;87;;one point;1
MBL;Liv;Bruno;fingertip;88;;one point;1
MBL;Liv;Bruno;fingertip;89;5mm;two points;2
MBL;Liv;Bruno;fingertip;90;;one point;1
MBL;Liv;Bruno;fingertip;91;;one point;1
MBL;Liv;Bruno;fingertip;92;4mm;two points;2
MBL;Liv;Bruno;fingertip;93;;one point;1
MBL;Liv;Bruno;fingertip;94;4mm;two points;2
MBL;Liv;Bruno;fingertip;95;;one point;1
MBL;Liv;Bruno;fingertip;96;3mm;two points;2
MBL;Liv;Bruno;fingertip;97;;one point;1
MBL;Liv;Bruno;fingertip;98;;one point;1
MBL;Liv;Bruno;fingertip;99;3mm;two points;2
MBL;Liv;Bruno;fingertip;100;;one point;1
MBL;Liv;Bruno;fingertip;101;;one point;1
MBL;Liv;Bruno;fingertip;102;;one point;1
MBL;Liv;Bruno;fingertip;103;5mm;two points;2
MBL;Liv;Bruno;fingertip;104;;one point;1
MBL;Liv;Bruno;fingertip;105;;one point;1
MBL;Liv;Bruno;fingertip;106;;one point;1
MBL;Liv;Bruno;fingertip;107;;one point;1
MBL;Liv;Bruno;fingertip;108;3mm;two points;2
MBL;Liv;Bruno;fingertip;109;5mm;two points;2
MBL;Liv;Bruno;fingertip;110;4mm;two points;2
MBL;Liv;Bruno;fingertip;111;1mm;two points;1
MBL;Liv;Bruno;fingertip;112;5mm;two points;2
MBL;Liv;Bruno;fingertip;113;1mm;two points;1
MBL;Liv;Bruno;fingertip;114;;one point;1
MBL;Liv;Bruno;fingertip;115;;one point;1
MBL;Liv;Bruno;fingertip;116;;one point;1
MBL;Liv;Bruno;fingertip;117;4mm;two points;2
MBL;Liv;Bruno;fingertip;118;;one point;1
MBL;Liv;Bruno;fingertip;119;1mm;two points;1
MBL;Liv;Bruno;fingertip;120;;one point;1
MBL;Liv;Bruno;upperarm;1;;one point;1
MBL;Liv;Bruno;upperarm;2;45mm;two points;1
MBL;Liv;Bruno;upperarm;3;;one point;1
MBL;Liv;Bruno;upperarm;4;30mm;two points;1
MBL;Liv;Bruno;upperarm;5;35mm;two points;1
MBL;Liv;Bruno;upperarm;6;35mm;two points;1
MBL;Liv;Bruno;upperarm;7;;one point;1
MBL;Liv;Bruno;upperarm;8;40mm;two points;1
MBL;Liv;Bruno;upperarm;9;35mm;two points;1
MBL;Liv;Bruno;upperarm;10;40mm;two points;1
MBL;Liv;Bruno;upperarm;11;45mm;two points;1
MBL;Liv;Bruno;upperarm;12;30mm;two points;1
MBL;Liv;Bruno;upperarm;13;;one point;1
MBL;Liv;Bruno;upperarm;14;;one point;1
MBL;Liv;Bruno;upperarm;15;45mm;two points;1
MBL;Liv;Bruno;upperarm;16;;one point;1
MBL;Liv;Bruno;upperarm;17;;one point;1
MBL;Liv;Bruno;upperarm;18;40mm;two points;1
MBL;Liv;Bruno;upperarm;19;25mm;two points;1
MBL;Liv;Bruno;upperarm;20;30mm;two points;1
MBL;Liv;Bruno;upperarm;21;45mm;two points;2
MBL;Liv;Bruno;upperarm;22;25mm;two points;1
MBL;Liv;Bruno;upperarm;23;40mm;two points;1
MBL;Liv;Bruno;upperarm;24;30mm;two points;2
MBL;Liv;Bruno;upperarm;25;45mm;two points;2
MBL;Liv;Bruno;upperarm;26;;one point;1
MBL;Liv;Bruno;upperarm;27;;one point;1
MBL;Liv;Bruno;upperarm;28;;one point;1
MBL;Liv;Bruno;upperarm;29;;one point;2
MBL;Liv;Bruno;upperarm;30;;one point;1
MBL;Liv;Bruno;upperarm;31;35mm;two points;2
MBL;Liv;Bruno;upperarm;32;;one point;2
MBL;Liv;Bruno;upperarm;33;25mm;two points;2
MBL;Liv;Bruno;upperarm;34;;one point;1
MBL;Liv;Bruno;upperarm;35;;one point;1
MBL;Liv;Bruno;upperarm;36;25mm;two points;1
MBL;Liv;Bruno;upperarm;37;;one point;1
MBL;Liv;Bruno;upperarm;38;;one point;1
MBL;Liv;Bruno;upperarm;39;;one point;1
MBL;Liv;Bruno;upperarm;40;45mm;two points;2
MBL;Liv;Bruno;upperarm;41;;one point;2
MBL;Liv;Bruno;upperarm;42;25mm;two points;2
MBL;Liv;Bruno;upperarm;43;;one point;1
MBL;Liv;Bruno;upperarm;44;;one point;2
MBL;Liv;Bruno;upperarm;45;;one point;1
MBL;Liv;Bruno;upperarm;46;30mm;two points;2
MBL;Liv;Bruno;upperarm;47;;one point;2
MBL;Liv;Bruno;upperarm;48;;one point;1
MBL;Liv;Bruno;upperarm;49;40mm;two points;2
MBL;Liv;Bruno;upperarm;50;;one point;2
MBL;Liv;Bruno;upperarm;51;;one point;1
MBL;Liv;Bruno;upperarm;52;;one point;2
MBL;Liv;Bruno;upperarm;53;45mm;two points;2
MBL;Liv;Bruno;upperarm;54;;one point;2
MBL;Liv;Bruno;upperarm;55;;one point;2
MBL;Liv;Bruno;upperarm;56;30mm;two points;2
MBL;Liv;Bruno;upperarm;57;;one point;2
MBL;Liv;Bruno;upperarm;58;;one point;1
MBL;Liv;Bruno;upperarm;59;25mm;two points;2
MBL;Liv;Bruno;upperarm;60;;one point;1
MBL;Liv;Bruno;upperarm;61;;one point;1
MBL;Liv;Bruno;upperarm;62;;one point;1
MBL;Liv;Bruno;upperarm;63;;one point;1
MBL;Liv;Bruno;upperarm;64;30mm;two points;1
MBL;Liv;Bruno;upperarm;65;40mm;two points;2
MBL;Liv;Bruno;upperarm;66;;one point;2
MBL;Liv;Bruno;upperarm;67;35mm;two points;2
MBL;Liv;Bruno;upperarm;68;30mm;two points;2
MBL;Liv;Bruno;upperarm;69;40mm;two points;2
MBL;Liv;Bruno;upperarm;70;;one point;2
MBL;Liv;Bruno;upperarm;71;35mm;two points;2
MBL;Liv;Bruno;upperarm;72;40mm;two points;1
MBL;Liv;Bruno;upperarm;73;30mm;two points;1
MBL;Liv;Bruno;upperarm;74;45mm;two points;1
MBL;Liv;Bruno;upperarm;75;;one point;1
MBL;Liv;Bruno;upperarm;76;;one point;1
MBL;Liv;Bruno;upperarm;77;30mm;two points;1
MBL;Liv;Bruno;upperarm;78;25mm;two points;1
MBL;Liv;Bruno;upperarm;79;45mm;two points;1
MBL;Liv;Bruno;upperarm;80;25mm;two points;1
MBL;Liv;Bruno;upperarm;81;35mm;two points;1
MBL;Liv;Bruno;upperarm;82;;one point;1
MBL;Liv;Bruno;upperarm;83;;one point;1
MBL;Liv;Bruno;upperarm;84;;one point;1
MBL;Liv;Bruno;upperarm;85;45mm;two points;1
MBL;Liv;Bruno;upperarm;86;;one point;1
MBL;Liv;Bruno;upperarm;87;30mm;two points;1
MBL;Liv;Bruno;upperarm;88;40mm;two points;1
MBL;Liv;Bruno;upperarm;89;30mm;two points;1
MBL;Liv;Bruno;upperarm;90;;one point;1
MBL;Liv;Bruno;upperarm;91;;one point;1
MBL;Liv;Bruno;upperarm;92;35mm;two points;1
MBL;Liv;Bruno;upperarm;93;40mm;two points;1
MBL;Liv;Bruno;upperarm;94;45mm;two points;2
MBL;Liv;Bruno;upperarm;95;40mm;two points;2
MBL;Liv;Bruno;upperarm;96;;one point;1
MBL;Liv;Bruno;upperarm;97;;one point;1
MBL;Liv;Bruno;upperarm;98;35mm;two points;2
MBL;Liv;Bruno;upperarm;99;;one point;2
MBL;Liv;Bruno;upperarm;100;35mm;two points;2
MBL;Liv;Bruno;upperarm;101;;one point;1
MBL;Liv;Bruno;upperarm;102;;one point;1
MBL;Liv;Bruno;upperarm;103;;one point;2
MBL;Liv;Bruno;upperarm;104;;one point;1
MBL;Liv;Bruno;upperarm;105;;one point;2
MBL;Liv;Bruno;upperarm;106;;one point;2
MBL;Liv;Bruno;upperarm;107;;one point;2
MBL;Liv;Bruno;upperarm;108;40mm;two points;2
MBL;Liv;Bruno;upperarm;109;;one point;2
MBL;Liv;Bruno;upperarm;110;25mm;two points;2
MBL;Liv;Bruno;upperarm;111;;one point;2
MBL;Liv;Bruno;upperarm;112;25mm;two points;2
MBL;Liv;Bruno;upperarm;113;25mm;two points;2
MBL;Liv;Bruno;upperarm;114;45mm;two points;1
MBL;Liv;Bruno;upperarm;115;;one point;1
MBL;Liv;Bruno;upperarm;116;;one point;2
MBL;Liv;Bruno;upperarm;117;;one point;2
MBL;Liv;Bruno;upperarm;118;35mm;two points;2
MBL;Liv;Bruno;upperarm;119;35mm;two points;1
MBL;Liv;Bruno;upperarm;120;25mm;two points;2
ITY;ITM;ITI;fingertip;1;;one point;1
ITY;ITM;ITI;fingertip;2;4mm;two points;2
ITY;ITM;ITI;fingertip;3;4mm;two points;2
ITY;ITM;ITI;fingertip;4;5mm;two points;2
ITY;ITM;ITI;fingertip;5;4mm;two points;2
ITY;ITM;ITI;fingertip;6;;one point;1
ITY;ITM;ITI;fingertip;7;4mm;two points;2
ITY;ITM;ITI;fingertip;8;4mm;two points;2
ITY;ITM;ITI;fingertip;9;;one point;1
ITY;ITM;ITI;fingertip;10;5mm;two points;2
ITY;ITM;ITI;fingertip;11;2mm;two points;2
ITY;ITM;ITI;fingertip;12;;one point;1
ITY;ITM;ITI;fingertip;13;4mm;two points;2
ITY;ITM;ITI;fingertip;14;;one point;1
ITY;ITM;ITI;fingertip;15;1mm;two points;1
ITY;ITM;ITI;fingertip;16;3mm;two points;2
ITY;ITM;ITI;fingertip;17;;one point;1
ITY;ITM;ITI;fingertip;18;;one point;1
ITY;ITM;ITI;fingertip;19;;one point;1
ITY;ITM;ITI;fingertip;20;3mm;two points;2
ITY;ITM;ITI;fingertip;21;;one point;1
ITY;ITM;ITI;fingertip;22;3mm;two points;2
ITY;ITM;ITI;fingertip;23;;one point;1
ITY;ITM;ITI;fingertip;24;5mm;two points;2
ITY;ITM;ITI;fingertip;25;;one point;1
ITY;ITM;ITI;fingertip;26;;one point;1
ITY;ITM;ITI;fingertip;27;;one point;1
ITY;ITM;ITI;fingertip;28;3mm;two points;2
ITY;ITM;ITI;fingertip;29;;one point;1
ITY;ITM;ITI;fingertip;30;;one point;1
ITY;ITM;ITI;fingertip;31;1mm;two points;2
ITY;ITM;ITI;fingertip;32;;one point;1
ITY;ITM;ITI;fingertip;33;2mm;two points;2
ITY;ITM;ITI;fingertip;34;;one point;1
ITY;ITM;ITI;fingertip;35;3mm;two points;2
ITY;ITM;ITI;fingertip;36;2mm;two points;2
ITY;ITM;ITI;fingertip;37;3mm;two points;2
ITY;ITM;ITI;fingertip;38;;one point;1
ITY;ITM;ITI;fingertip;39;3mm;two points;2
ITY;ITM;ITI;fingertip;40;2mm;two points;2
ITY;ITM;ITI;fingertip;41;;one point;1
ITY;ITM;ITI;fingertip;42;;one point;1
ITY;ITM;ITI;fingertip;43;;one point;1
ITY;ITM;ITI;fingertip;44;1mm;two points;2
ITY;ITM;ITI;fingertip;45;3mm;two points;2
ITY;ITM;ITI;fingertip;46;3mm;two points;2
ITY;ITM;ITI;fingertip;47;1mm;two points;2
ITY;ITM;ITI;fingertip;48;2mm;two points;2
ITY;ITM;ITI;fingertip;49;;one point;1
ITY;ITM;ITI;fingertip;50;5mm;two points;2
ITY;ITM;ITI;fingertip;51;;one point;1
ITY;ITM;ITI;fingertip;52;;one point;1
ITY;ITM;ITI;fingertip;53;;one point;1
ITY;ITM;ITI;fingertip;54;4mm;two points;2
ITY;ITM;ITI;fingertip;55;1mm;two points;2
ITY;ITM;ITI;fingertip;56;;one point;1
ITY;ITM;ITI;fingertip;57;5mm;two points;2
ITY;ITM;ITI;fingertip;58;2mm;two points;1
ITY;ITM;ITI;fingertip;59;;one point;1
ITY;ITM;ITI;fingertip;60;;one point;1
ITY;ITM;ITI;fingertip;61;;one point;2
ITY;ITM;ITI;fingertip;62;;one point;1
ITY;ITM;ITI;fingertip;63;2mm;two points;2
ITY;ITM;ITI;fingertip;64;2mm;two points;2
ITY;ITM;ITI;fingertip;65;2mm;two points;2
ITY;ITM;ITI;fingertip;66;;one point;1
ITY;ITM;ITI;fingertip;67;;one point;1
ITY;ITM;ITI;fingertip;68;1mm;two points;1
ITY;ITM;ITI;fingertip;69;;one point;1
ITY;ITM;ITI;fingertip;70;;one point;1
ITY;ITM;ITI;fingertip;71;;one point;1
ITY;ITM;ITI;fingertip;72;2mm;two points;2
ITY;ITM;ITI;fingertip;73;2mm;two points;2
ITY;ITM;ITI;fingertip;74;1mm;two points;2
ITY;ITM;ITI;fingertip;75;;one point;1
ITY;ITM;ITI;fingertip;76;;one point;1
ITY;ITM;ITI;fingertip;77;5mm;two points;2
ITY;ITM;ITI;fingertip;78;5mm;two points;2
ITY;ITM;ITI;fingertip;79;;one point;1
ITY;ITM;ITI;fingertip;80;1mm;two points;1
ITY;ITM;ITI;fingertip;81;4mm;two points;2
ITY;ITM;ITI;fingertip;82;2mm;two points;2
ITY;ITM;ITI;fingertip;83;;one point;1
ITY;ITM;ITI;fingertip;84;1mm;two points;1
ITY;ITM;ITI;fingertip;85;;one point;1
ITY;ITM;ITI;fingertip;86;5mm;two points;2
ITY;ITM;ITI;fingertip;87;;one point;1
ITY;ITM;ITI;fingertip;88;;one point;1
ITY;ITM;ITI;fingertip;89;5mm;two points;2
ITY;ITM;ITI;fingertip;90;;one point;1
ITY;ITM;ITI;fingertip;91;;one point;1
ITY;ITM;ITI;fingertip;92;4mm;two points;2
ITY;ITM;ITI;fingertip;93;;one point;2
ITY;ITM;ITI;fingertip;94;4mm;two points;2
ITY;ITM;ITI;fingertip;95;;one point;1
ITY;ITM;ITI;fingertip;96;3mm;two points;2
ITY;ITM;ITI;fingertip;97;;one point;1
ITY;ITM;ITI;fingertip;98;;one point;1
ITY;ITM;ITI;fingertip;99;3mm;two points;2
ITY;ITM;ITI;fingertip;100;;one point;1
ITY;ITM;ITI;fingertip;101;;one point;1
ITY;ITM;ITI;fingertip;102;;one point;1
ITY;ITM;ITI;fingertip;103;5mm;two points;2
ITY;ITM;ITI;fingertip;104;;one point;1
ITY;ITM;ITI;fingertip;105;;one point;1
ITY;ITM;ITI;fingertip;106;;one point;1
ITY;ITM;ITI;fingertip;107;;one point;1
ITY;ITM;ITI;fingertip;108;3mm;two points;2
ITY;ITM;ITI;fingertip;109;5mm;two points;2
ITY;ITM;ITI;fingertip;110;4mm;two points;2
ITY;ITM;ITI;fingertip;111;1mm;two points;2
ITY;ITM;ITI;fingertip;112;5mm;two points;2
ITY;ITM;ITI;fingertip;113;1mm;two points;2
ITY;ITM;ITI;fingertip;114;;one point;1
ITY;ITM;ITI;fingertip;115;;one point;1
ITY;ITM;ITI;fingertip;116;;one point;1
ITY;ITM;ITI;fingertip;117;4mm;two points;2
ITY;ITM;ITI;fingertip;118;;one point;1
ITY;ITM;ITI;fingertip;119;1mm;two points;2
ITY;ITM;ITI;fingertip;120;;one point;1
ITY;ITI;ITM;upperarm;1;;one point;1
ITY;ITI;ITM;upperarm;2;45mm;two points;2
ITY;ITI;ITM;upperarm;3;;one point;1
ITY;ITI;ITM;upperarm;4;30mm;two points;2
ITY;ITI;ITM;upperarm;5;35mm;two points;2
ITY;ITI;ITM;upperarm;6;35mm;two points;2
ITY;ITI;ITM;upperarm;7;;one point;1
ITY;ITI;ITM;upperarm;8;40mm;two points;2
ITY;ITI;ITM;upperarm;9;35mm;two points;1
ITY;ITI;ITM;upperarm;10;40mm;two points;1
ITY;ITI;ITM;upperarm;11;45mm;two points;2
ITY;ITI;ITM;upperarm;12;30mm;two points;1
ITY;ITI;ITM;upperarm;13;;one point;1
ITY;ITI;ITM;upperarm;14;;one point;1
ITY;ITI;ITM;upperarm;15;45mm;two points;2
ITY;ITI;ITM;upperarm;16;;one point;1
ITY;ITI;ITM;upperarm;17;;one point;1
ITY;ITI;ITM;upperarm;18;40mm;two points;1
ITY;ITI;ITM;upperarm;19;25mm;two points;2
ITY;ITI;ITM;upperarm;20;30mm;two points;2
ITY;ITI;ITM;upperarm;21;45mm;two points;2
ITY;ITI;ITM;upperarm;22;25mm;two points;2
ITY;ITI;ITM;upperarm;23;40mm;two points;2
ITY;ITI;ITM;upperarm;24;30mm;two points;2
ITY;ITI;ITM;upperarm;25;45mm;two points;1
ITY;ITI;ITM;upperarm;26;;one point;1
ITY;ITI;ITM;upperarm;27;;one point;1
ITY;ITI;ITM;upperarm;28;;one point;1
ITY;ITI;ITM;upperarm;29;;one point;2
ITY;ITI;ITM;upperarm;30;;one point;1
ITY;ITI;ITM;upperarm;31;35mm;two points;2
ITY;ITI;ITM;upperarm;32;;one point;1
ITY;ITI;ITM;upperarm;33;25mm;two points;2
ITY;ITI;ITM;upperarm;34;;one point;1
ITY;ITI;ITM;upperarm;35;;one point;1
ITY;ITI;ITM;upperarm;36;25mm;two points;1
ITY;ITI;ITM;upperarm;37;;one point;1
ITY;ITI;ITM;upperarm;38;;one point;1
ITY;ITI;ITM;upperarm;39;;one point;1
ITY;ITI;ITM;upperarm;40;45mm;two points;2
ITY;ITI;ITM;upperarm;41;;one point;1
ITY;ITI;ITM;upperarm;42;25mm;two points;2
ITY;ITI;ITM;upperarm;43;;one point;1
ITY;ITI;ITM;upperarm;44;;one point;1
ITY;ITI;ITM;upperarm;45;;one point;1
ITY;ITI;ITM;upperarm;46;30mm;two points;1
ITY;ITI;ITM;upperarm;47;;one point;1
ITY;ITI;ITM;upperarm;48;;one point;1
ITY;ITI;ITM;upperarm;49;40mm;two points;1
ITY;ITI;ITM;upperarm;50;;one point;1
ITY;ITI;ITM;upperarm;51;;one point;1
ITY;ITI;ITM;upperarm;52;;one point;1
ITY;ITI;ITM;upperarm;53;45mm;two points;2
ITY;ITI;ITM;upperarm;54;;one point;1
ITY;ITI;ITM;upperarm;55;;one point;2
ITY;ITI;ITM;upperarm;56;30mm;two points;2
ITY;ITI;ITM;upperarm;57;;one point;1
ITY;ITI;ITM;upperarm;58;;one point;1
ITY;ITI;ITM;upperarm;59;25mm;two points;2
ITY;ITI;ITM;upperarm;60;;one point;2
ITY;ITI;ITM;upperarm;61;;one point;1
ITY;ITI;ITM;upperarm;62;;one point;1
ITY;ITI;ITM;upperarm;63;;one point;1
ITY;ITI;ITM;upperarm;64;30mm;two points;2
ITY;ITI;ITM;upperarm;65;40mm;two points;2
ITY;ITI;ITM;upperarm;66;;one point;1
ITY;ITI;ITM;upperarm;67;35mm;two points;2
ITY;ITI;ITM;upperarm;68;30mm;two points;2
ITY;ITI;ITM;upperarm;69;40mm;two points;2
ITY;ITI;ITM;upperarm;70;;one point;1
ITY;ITI;ITM;upperarm;71;35mm;two points;2
ITY;ITI;ITM;upperarm;72;40mm;two points;2
ITY;ITI;ITM;upperarm;73;30mm;two points;2
ITY;ITI;ITM;upperarm;74;45mm;two points;2
ITY;ITI;ITM;upperarm;75;;one point;2
ITY;ITI;ITM;upperarm;76;;one point;1
ITY;ITI;ITM;upperarm;77;30mm;two points;2
ITY;ITI;ITM;upperarm;78;25mm;two points;2
ITY;ITI;ITM;upperarm;79;45mm;two points;2
ITY;ITI;ITM;upperarm;80;25mm;two points;2
ITY;ITI;ITM;upperarm;81;35mm;two points;1
ITY;ITI;ITM;upperarm;82;;one point;1
ITY;ITI;ITM;upperarm;83;;one point;1
ITY;ITI;ITM;upperarm;84;;one point;1
ITY;ITI;ITM;upperarm;85;45mm;two points;1
ITY;ITI;ITM;upperarm;86;;one point;1
ITY;ITI;ITM;upperarm;87;30mm;two points;1
ITY;ITI;ITM;upperarm;88;40mm;two points;1
ITY;ITI;ITM;upperarm;89;30mm;two points;1
ITY;ITI;ITM;upperarm;90;;one point;1
ITY;ITI;ITM;upperarm;91;;one point;1
ITY;ITI;ITM;upperarm;92;35mm;two points;2
ITY;ITI;ITM;upperarm;93;40mm;two points;1
ITY;ITI;ITM;upperarm;94;45mm;two points;2
ITY;ITI;ITM;upperarm;95;40mm;two points;1
ITY;ITI;ITM;upperarm;96;;one point;1
ITY;ITI;ITM;upperarm;97;;one point;1
ITY;ITI;ITM;upperarm;98;35mm;two points;1
ITY;ITI;ITM;upperarm;99;;one point;1
ITY;ITI;ITM;upperarm;100;35mm;two points;2
ITY;ITI;ITM;upperarm;101;;one point;1
ITY;ITI;ITM;upperarm;102;;one point;1
ITY;ITI;ITM;upperarm;103;;one point;1
ITY;ITI;ITM;upperarm;104;;one point;1
ITY;ITI;ITM;upperarm;105;;one point;1
ITY;ITI;ITM;upperarm;106;;one point;1
ITY;ITI;ITM;upperarm;107;;one point;1
ITY;ITI;ITM;upperarm;108;40mm;two points;2
ITY;ITI;ITM;upperarm;109;;one point;1
ITY;ITI;ITM;upperarm;110;25mm;two points;2
ITY;ITI;ITM;upperarm;111;;one point;1
ITY;ITI;ITM;upperarm;112;25mm;two points;2
ITY;ITI;ITM;upperarm;113;25mm;two points;2
ITY;ITI;ITM;upperarm;114;45mm;two points;1
ITY;ITI;ITM;upperarm;115;;one point;1
ITY;ITI;ITM;upperarm;116;;one point;1
ITY;ITI;ITM;upperarm;117;;one point;1
ITY;ITI;ITM;upperarm;118;35mm;two points;2
ITY;ITI;ITM;upperarm;119;35mm;two points;2
ITY;ITI;ITM;upperarm;120;25mm;two points;1
coolgroup;exp1;1;fingertip;1;;one point;1
coolgroup;exp1;1;fingertip;2;4mm;two points;2
coolgroup;exp1;1;fingertip;3;4mm;two points;2
coolgroup;exp1;1;fingertip;4;5mm;two points;2
coolgroup;exp1;1;fingertip;5;4mm;two points;2
coolgroup;exp1;1;fingertip;6;;one point;1
coolgroup;exp1;1;fingertip;7;4mm;two points;2
coolgroup;exp1;1;fingertip;8;4mm;two points;2
coolgroup;exp1;1;fingertip;9;;one point;1
coolgroup;exp1;1;fingertip;10;5mm;two points;2
coolgroup;exp1;1;fingertip;11;2mm;two points;2
coolgroup;exp1;1;fingertip;12;;one point;1
coolgroup;exp1;1;fingertip;13;4mm;two points;2
coolgroup;exp1;1;fingertip;14;;one point;1
coolgroup;exp1;1;fingertip;15;1mm;two points;1
coolgroup;exp1;1;fingertip;16;3mm;two points;2
coolgroup;exp1;1;fingertip;17;;one point;1
coolgroup;exp1;1;fingertip;18;;one point;1
coolgroup;exp1;1;fingertip;19;;one point;1
coolgroup;exp1;1;fingertip;20;3mm;two points;2
coolgroup;exp1;1;fingertip;21;;one point;1
coolgroup;exp1;1;fingertip;22;3mm;two points;2
coolgroup;exp1;1;fingertip;23;;one point;1
coolgroup;exp1;1;fingertip;24;5mm;two points;2
coolgroup;exp1;1;fingertip;25;;one point;1
coolgroup;exp1;1;fingertip;26;;one point;1
coolgroup;exp1;1;fingertip;27;;one point;1
coolgroup;exp1;1;fingertip;28;3mm;two points;2
coolgroup;exp1;1;fingertip;29;;one point;2
coolgroup;exp1;1;fingertip;30;;one point;1
coolgroup;exp1;1;fingertip;31;1mm;two points;2
coolgroup;exp1;1;fingertip;32;;one point;2
coolgroup;exp1;1;fingertip;33;2mm;two points;2
coolgroup;exp1;1;fingertip;34;;one point;2
coolgroup;exp1;1;fingertip;35;3mm;two points;2
coolgroup;exp1;1;fingertip;36;2mm;two points;2
coolgroup;exp1;1;fingertip;37;3mm;two points;2
coolgroup;exp1;1;fingertip;38;;one point;2
coolgroup;exp1;1;fingertip;39;3mm;two points;2
coolgroup;exp1;1;fingertip;40;2mm;two points;2
coolgroup;exp1;1;fingertip;41;;one point;1
coolgroup;exp1;1;fingertip;42;;one point;1
coolgroup;exp1;1;fingertip;43;;one point;1
coolgroup;exp1;1;fingertip;44;1mm;two points;2
coolgroup;exp1;1;fingertip;45;3mm;two points;2
coolgroup;exp1;1;fingertip;46;3mm;two points;2
coolgroup;exp1;1;fingertip;47;1mm;two points;2
coolgroup;exp1;1;fingertip;48;2mm;two points;2
coolgroup;exp1;1;fingertip;49;;one point;1
coolgroup;exp1;1;fingertip;50;5mm;two points;2
coolgroup;exp1;1;fingertip;51;;one point;1
coolgroup;exp1;1;fingertip;52;;one point;1
coolgroup;exp1;1;fingertip;53;;one point;1
coolgroup;exp1;1;fingertip;54;4mm;two points;2
coolgroup;exp1;1;fingertip;55;1mm;two points;2
coolgroup;exp1;1;fingertip;56;;one point;1
coolgroup;exp1;1;fingertip;57;5mm;two points;2
coolgroup;exp1;1;fingertip;58;2mm;two points;2
coolgroup;exp1;1;fingertip;59;;one point;1
coolgroup;exp1;1;fingertip;60;;one point;2
coolgroup;exp1;1;fingertip;61;;one point;1
coolgroup;exp1;1;fingertip;62;;one point;1
coolgroup;exp1;1;fingertip;63;2mm;two points;2
coolgroup;exp1;1;fingertip;64;2mm;two points;2
coolgroup;exp1;1;fingertip;65;2mm;two points;2
coolgroup;exp1;1;fingertip;66;;one point;1
coolgroup;exp1;1;fingertip;67;;one point;1
coolgroup;exp1;1;fingertip;68;1mm;two points;1
coolgroup;exp1;1;fingertip;69;;one point;1
coolgroup;exp1;1;fingertip;70;;one point;1
coolgroup;exp1;1;fingertip;71;;one point;1
coolgroup;exp1;1;fingertip;72;2mm;two points;2
coolgroup;exp1;1;fingertip;73;2mm;two points;2
coolgroup;exp1;1;fingertip;74;1mm;two points;2
coolgroup;exp1;1;fingertip;75;;one point;1
coolgroup;exp1;1;fingertip;76;;one point;1
coolgroup;exp1;1;fingertip;77;5mm;two points;2
coolgroup;exp1;1;fingertip;78;5mm;two points;2
coolgroup;exp1;1;fingertip;79;;one point;1
coolgroup;exp1;1;fingertip;80;1mm;two points;2
coolgroup;exp1;1;fingertip;81;4mm;two points;2
coolgroup;exp1;1;fingertip;82;2mm;two points;2
coolgroup;exp1;1;fingertip;83;;one point;1
coolgroup;exp1;1;fingertip;84;1mm;two points;1
coolgroup;exp1;1;fingertip;85;;one point;1
coolgroup;exp1;1;fingertip;86;5mm;two points;2
coolgroup;exp1;1;fingertip;87;;one point;1
coolgroup;exp1;1;fingertip;88;;one point;1
coolgroup;exp1;1;fingertip;89;5mm;two points;1
coolgroup;exp1;1;fingertip;90;;one point;1
coolgroup;exp1;1;fingertip;91;;one point;1
coolgroup;exp1;1;fingertip;92;4mm;two points;2
coolgroup;exp1;1;fingertip;93;;one point;1
coolgroup;exp1;1;fingertip;94;4mm;two points;2
coolgroup;exp1;1;fingertip;95;;one point;1
coolgroup;exp1;1;fingertip;96;3mm;two points;2
coolgroup;exp1;1;fingertip;97;;one point;2
coolgroup;exp1;1;fingertip;98;;one point;1
coolgroup;exp1;1;fingertip;99;3mm;two points;2
coolgroup;exp1;1;fingertip;100;;one point;1
coolgroup;exp1;1;fingertip;101;;one point;1
coolgroup;exp1;1;fingertip;102;;one point;2
coolgroup;exp1;1;fingertip;103;5mm;two points;2
coolgroup;exp1;1;fingertip;104;;one point;1
coolgroup;exp1;1;fingertip;105;;one point;1
coolgroup;exp1;1;fingertip;106;;one point;1
coolgroup;exp1;1;fingertip;107;;one point;1
coolgroup;exp1;1;fingertip;108;3mm;two points;2
coolgroup;exp1;1;fingertip;109;5mm;two points;2
coolgroup;exp1;1;fingertip;110;4mm;two points;2
coolgroup;exp1;1;fingertip;111;1mm;two points;2
coolgroup;exp1;1;fingertip;112;5mm;two points;2
coolgroup;exp1;1;fingertip;113;1mm;two points;2
coolgroup;exp1;1;fingertip;114;;one point;2
coolgroup;exp1;1;fingertip;115;;one point;2
coolgroup;exp1;1;fingertip;116;;one point;1
coolgroup;exp1;1;fingertip;117;4mm;two points;2
coolgroup;exp1;1;fingertip;118;;one point;1
coolgroup;exp1;1;fingertip;119;1mm;two points;2
coolgroup;exp1;1;fingertip;120;;one point;1
coolgroup;exp1;1;upperarm;1;;one point;1
coolgroup;exp1;1;upperarm;2;45mm;two points;2
coolgroup;exp1;1;upperarm;3;;one point;1
coolgroup;exp1;1;upperarm;4;30mm;two points;1
coolgroup;exp1;1;upperarm;5;35mm;two points;1
coolgroup;exp1;1;upperarm;6;35mm;two points;1
coolgroup;exp1;1;upperarm;7;;one point;1
coolgroup;exp1;1;upperarm;8;40mm;two points;1
coolgroup;exp1;1;upperarm;9;35mm;two points;1
coolgroup;exp1;1;upperarm;10;40mm;two points;1
coolgroup;exp1;1;upperarm;11;45mm;two points;1
coolgroup;exp1;1;upperarm;12;30mm;two points;1
coolgroup;exp1;1;upperarm;13;;one point;1
coolgroup;exp1;1;upperarm;14;;one point;1
coolgroup;exp1;1;upperarm;15;45mm;two points;1
coolgroup;exp1;1;upperarm;16;;one point;1
coolgroup;exp1;1;upperarm;17;;one point;1
coolgroup;exp1;1;upperarm;18;40mm;two points;2
coolgroup;exp1;1;upperarm;19;25mm;two points;2
coolgroup;exp1;1;upperarm;20;30mm;two points;2
coolgroup;exp1;1;upperarm;21;45mm;two points;2
coolgroup;exp1;1;upperarm;22;25mm;two points;2
coolgroup;exp1;1;upperarm;23;40mm;two points;2
coolgroup;exp1;1;upperarm;24;30mm;two points;2
coolgroup;exp1;1;upperarm;25;45mm;two points;2
coolgroup;exp1;1;upperarm;26;;one point;1
coolgroup;exp1;1;upperarm;27;;one point;1
coolgroup;exp1;1;upperarm;28;;one point;2
coolgroup;exp1;1;upperarm;29;;one point;1
coolgroup;exp1;1;upperarm;30;;one point;2
coolgroup;exp1;1;upperarm;31;35mm;two points;2
coolgroup;exp1;1;upperarm;32;;one point;1
coolgroup;exp1;1;upperarm;33;25mm;two points;2
coolgroup;exp1;1;upperarm;34;;one point;2
coolgroup;exp1;1;upperarm;35;;one point;2
coolgroup;exp1;1;upperarm;36;25mm;two points;2
coolgroup;exp1;1;upperarm;37;;one point;2
coolgroup;exp1;1;upperarm;38;;one point;2
coolgroup;exp1;1;upperarm;39;;one point;1
coolgroup;exp1;1;upperarm;40;45mm;two points;2
coolgroup;exp1;1;upperarm;41;;one point;2
coolgroup;exp1;1;upperarm;42;25mm;two points;1
coolgroup;exp1;1;upperarm;43;;one point;1
coolgroup;exp1;1;upperarm;44;;one point;1
coolgroup;exp1;1;upperarm;45;;one point;1
coolgroup;exp1;1;upperarm;46;30mm;two points;1
coolgroup;exp1;1;upperarm;47;;one point;1
coolgroup;exp1;1;upperarm;48;;one point;1
coolgroup;exp1;1;upperarm;49;40mm;two points;1
coolgroup;exp1;1;upperarm;50;;one point;1
coolgroup;exp1;1;upperarm;51;;one point;2
coolgroup;exp1;1;upperarm;52;;one point;2
coolgroup;exp1;1;upperarm;53;45mm;two points;2
coolgroup;exp1;1;upperarm;54;;one point;1
coolgroup;exp1;1;upperarm;55;;one point;1
coolgroup;exp1;1;upperarm;56;30mm;two points;1
coolgroup;exp1;1;upperarm;57;;one point;1
coolgroup;exp1;1;upperarm;58;;one point;1
coolgroup;exp1;1;upperarm;59;25mm;two points;1
coolgroup;exp1;1;upperarm;60;;one point;2
coolgroup;exp1;1;upperarm;61;;one point;2
coolgroup;exp1;1;upperarm;62;;one point;2
coolgroup;exp1;1;upperarm;63;;one point;1
coolgroup;exp1;1;upperarm;64;30mm;two points;1
coolgroup;exp1;1;upperarm;65;40mm;two points;1
coolgroup;exp1;1;upperarm;66;;one point;1
coolgroup;exp1;1;upperarm;67;35mm;two points;1
coolgroup;exp1;1;upperarm;68;30mm;two points;2
coolgroup;exp1;1;upperarm;69;40mm;two points;2
coolgroup;exp1;1;upperarm;70;;one point;1
coolgroup;exp1;1;upperarm;71;35mm;two points;2
coolgroup;exp1;1;upperarm;72;40mm;two points;2
coolgroup;exp1;1;upperarm;73;30mm;two points;2
coolgroup;exp1;1;upperarm;74;45mm;two points;2
coolgroup;exp1;1;upperarm;75;;one point;1
coolgroup;exp1;1;upperarm;76;;one point;1
coolgroup;exp1;1;upperarm;77;30mm;two points;2
coolgroup;exp1;1;upperarm;78;25mm;two points;2
coolgroup;exp1;1;upperarm;79;45mm;two points;2
coolgroup;exp1;1;upperarm;80;25mm;two points;2
coolgroup;exp1;1;upperarm;81;35mm;two points;2
coolgroup;exp1;1;upperarm;82;;one point;2
coolgroup;exp1;1;upperarm;83;;one point;2
coolgroup;exp1;1;upperarm;84;;one point;1
coolgroup;exp1;1;upperarm;85;45mm;two points;1
coolgroup;exp1;1;upperarm;86;;one point;1
coolgroup;exp1;1;upperarm;87;30mm;two points;2
coolgroup;exp1;1;upperarm;88;40mm;two points;2
coolgroup;exp1;1;upperarm;89;30mm;two points;2
coolgroup;exp1;1;upperarm;90;;one point;1
coolgroup;exp1;1;upperarm;91;;one point;2
coolgroup;exp1;1;upperarm;92;35mm;two points;1
coolgroup;exp1;1;upperarm;93;40mm;two points;2
coolgroup;exp1;1;upperarm;94;45mm;two points;2
coolgroup;exp1;1;upperarm;95;40mm;two points;1
coolgroup;exp1;1;upperarm;96;;one point;1
coolgroup;exp1;1;upperarm;97;;one point;1
coolgroup;exp1;1;upperarm;98;35mm;two points;2
coolgroup;exp1;1;upperarm;99;;one point;2
coolgroup;exp1;1;upperarm;100;35mm;two points;2
coolgroup;exp1;1;upperarm;101;;one point;1
coolgroup;exp1;1;upperarm;102;;one point;1
coolgroup;exp1;1;upperarm;103;;one point;1
coolgroup;exp1;1;upperarm;104;;one point;1
coolgroup;exp1;1;upperarm;105;;one point;1
coolgroup;exp1;1;upperarm;106;;one point;1
coolgroup;exp1;1;upperarm;107;;one point;2
coolgroup;exp1;1;upperarm;108;40mm;two points;2
coolgroup;exp1;1;upperarm;109;;one point;2
coolgroup;exp1;1;upperarm;110;25mm;two points;2
coolgroup;exp1;1;upperarm;111;;one point;1
coolgroup;exp1;1;upperarm;112;25mm;two points;2
coolgroup;exp1;1;upperarm;113;25mm;two points;1
coolgroup;exp1;1;upperarm;114;45mm;two points;2
coolgroup;exp1;1;upperarm;115;;one point;1
coolgroup;exp1;1;upperarm;116;;one point;1
coolgroup;exp1;1;upperarm;117;;one point;1
coolgroup;exp1;1;upperarm;118;35mm;two points;1
coolgroup;exp1;1;upperarm;119;35mm;two points;1
coolgroup;exp1;1;upperarm;120;25mm;two points;2
111;TD;SW;fingertip;1;;one point;1
111;TD;SW;fingertip;2;4mm;two points;2
111;TD;SW;fingertip;3;4mm;two points;2
111;TD;SW;fingertip;4;5mm;two points;2
111;TD;SW;fingertip;5;4mm;two points;2
111;TD;SW;fingertip;6;;one point;1
111;TD;SW;fingertip;7;4mm;two points;2
111;TD;SW;fingertip;8;4mm;two points;2
111;TD;SW;fingertip;9;;one point;1
111;TD;SW;fingertip;10;5mm;two points;2
111;TD;SW;fingertip;11;2mm;two points;2
111;TD;SW;fingertip;12;;one point;1
111;TD;SW;fingertip;13;4mm;two points;2
111;TD;SW;fingertip;14;;one point;1
111;TD;SW;fingertip;15;1mm;two points;1
111;TD;SW;fingertip;16;3mm;two points;2
111;TD;SW;fingertip;17;;one point;1
111;TD;SW;fingertip;18;;one point;1
111;TD;SW;fingertip;19;;one point;1
111;TD;SW;fingertip;20;3mm;two points;2
111;TD;SW;fingertip;21;;one point;1
111;TD;SW;fingertip;22;3mm;two points;2
111;TD;SW;fingertip;23;;one point;1
111;TD;SW;fingertip;24;5mm;two points;2
111;TD;SW;fingertip;25;;one point;1
111;TD;SW;fingertip;26;;one point;1
111;TD;SW;fingertip;27;;one point;1
111;TD;SW;fingertip;28;3mm;two points;2
111;TD;SW;fingertip;29;;one point;1
111;TD;SW;fingertip;30;;one point;1
111;TD;SW;fingertip;31;1mm;two points;1
111;TD;SW;fingertip;32;;one point;1
111;TD;SW;fingertip;33;2mm;two points;2
111;TD;SW;fingertip;34;;one point;1
111;FB;TD;fingertip;35;3mm;two points;2
111;FB;TD;fingertip;36;2mm;two points;2
111;FB;TD;fingertip;37;3mm;two points;2
111;FB;TD;fingertip;38;;one point;1
111;FB;TD;fingertip;39;3mm;two points;2
111;FB;TD;fingertip;40;2mm;two points;2
111;FB;TD;fingertip;41;;one point;2
111;FB;TD;fingertip;42;;one point;1
111;FB;TD;fingertip;43;;one point;2
111;FB;TD;fingertip;44;1mm;two points;2
111;FB;TD;fingertip;45;3mm;two points;2
111;FB;TD;fingertip;46;3mm;two points;2
111;FB;TD;fingertip;47;1mm;two points;2
111;FB;TD;fingertip;48;2mm;two points;2
111;FB;TD;fingertip;49;;one point;1
111;FB;TD;fingertip;50;5mm;two points;2
111;FB;TD;fingertip;51;;one point;1
111;FB;TD;fingertip;52;;one point;1
111;FB;TD;fingertip;53;;one point;1
111;FB;TD;fingertip;54;4mm;two points;2
111;FB;TD;fingertip;55;1mm;two points;2
111;FB;TD;fingertip;56;;one point;1
111;FB;TD;fingertip;57;5mm;two points;2
111;FB;TD;fingertip;58;2mm;two points;2
111;FB;TD;fingertip;59;;one point;1
111;FB;TD;fingertip;60;;one point;1
111;FB;SW;fingertip;61;;one point;1
111;FB;SW;fingertip;62;;one point;2
111;FB;SW;fingertip;63;2mm;two points;2
111;FB;SW;fingertip;64;2mm;two points;2
111;FB;SW;fingertip;65;2mm;two points;2
111;FB;SW;fingertip;66;;one point;1
111;FB;SW;fingertip;67;;one point;1
111;FB;SW;fingertip;68;1mm;two points;2
111;FB;SW;fingertip;69;;one point;1
111;FB;SW;fingertip;70;;one point;1
111;FB;SW;fingertip;71;;one point;1
111;FB;SW;fingertip;72;2mm;two points;2
111;FB;SW;fingertip;73;2mm;two points;2
111;FB;SW;fingertip;74;1mm;two points;2
111;FB;SW;fingertip;75;;one point;1
111;FB;SW;fingertip;76;;one point;1
111;FB;SW;fingertip;77;5mm;two points;2
111;FB;SW;fingertip;78;5mm;two points;2
111;FB;SW;fingertip;79;;one point;1
111;FB;SW;fingertip;80;1mm;two points;2
111;FB;SW;fingertip;81;4mm;two points;2
111;FB;SW;fingertip;82;2mm;two points;2
111;FB;SW;fingertip;83;;one point;2
111;FB;SW;fingertip;84;1mm;two points;2
111;FB;SW;fingertip;85;;one point;1
111;FB;SW;fingertip;86;5mm;two points;2
111;FB;SW;fingertip;87;;one point;1
111;FB;SW;fingertip;88;;one point;1
111;FB;SW;fingertip;89;5mm;two points;2
111;FB;SW;fingertip;90;;one point;1
111;FB;SW;fingertip;91;;one point;1
111;FB;SW;fingertip;92;4mm;two points;2
111;FB;SW;fingertip;93;;one point;1
111;FB;SW;fingertip;94;4mm;two points;2
111;TD;SW;fingertip;95;;one point;1
111;TD;SW;fingertip;96;3mm;two points;2
111;TD;SW;fingertip;97;;one point;1
111;TD;SW;fingertip;98;;one point;1
111;TD;SW;fingertip;99;3mm;two points;2
111;TD;SW;fingertip;100;;one point;1
111;TD;SW;fingertip;101;;one point;1
111;TD;SW;fingertip;102;;one point;1
111;TD;SW;fingertip;103;5mm;two points;2
111;TD;SW;fingertip;104;;one point;2
111;TD;SW;fingertip;105;;one point;1
111;TD;SW;fingertip;106;;one point;1
111;TD;SW;fingertip;107;;one point;2
111;TD;SW;fingertip;108;3mm;two points;2
111;TD;SW;fingertip;109;5mm;two points;2
111;TD;SW;fingertip;110;4mm;two points;2
111;TD;SW;fingertip;111;1mm;two points;1
111;TD;SW;fingertip;112;5mm;two points;2
111;TD;SW;fingertip;113;1mm;two points;2
111;TD;SW;fingertip;114;;one point;1
111;TD;SW;fingertip;115;;one point;1
111;TD;SW;fingertip;116;;one point;1
111;TD;SW;fingertip;117;4mm;two points;2
111;TD;SW;fingertip;118;;one point;1
111;TD;SW;fingertip;119;1mm;two points;1
111;TD;SW;fingertip;120;;one point;2
111;TD;SW;upperarm;1;;one point;1
111;TD;SW;upperarm;2;45mm;two points;2
111;TD;SW;upperarm;3;;one point;1
111;TD;SW;upperarm;4;30mm;two points;2
111;TD;SW;upperarm;5;35mm;two points;2
111;TD;SW;upperarm;6;35mm;two points;2
111;TD;SW;upperarm;7;;one point;1
111;TD;SW;upperarm;8;40mm;two points;2
111;TD;SW;upperarm;9;35mm;two points;2
111;TD;SW;upperarm;10;40mm;two points;2
111;TD;SW;upperarm;11;45mm;two points;2
111;TD;SW;upperarm;12;30mm;two points;1
111;TD;SW;upperarm;13;;one point;1
111;TD;SW;upperarm;14;;one point;1
111;TD;SW;upperarm;15;45mm;two points;2
111;TD;SW;upperarm;16;;one point;1
111;TD;SW;upperarm;17;;one point;2
111;TD;SW;upperarm;18;40mm;two points;2
111;TD;SW;upperarm;19;25mm;two points;2
111;TD;SW;upperarm;20;30mm;two points;2
111;TD;SW;upperarm;21;45mm;two points;2
111;TD;SW;upperarm;22;25mm;two points;2
111;TD;SW;upperarm;23;40mm;two points;2
111;TD;SW;upperarm;24;30mm;two points;1
111;TD;SW;upperarm;25;45mm;two points;2
111;TD;SW;upperarm;26;;one point;1
111;TD;SW;upperarm;27;;one point;1
111;TD;SW;upperarm;28;;one point;1
111;TD;SW;upperarm;29;;one point;1
111;TD;SW;upperarm;30;;one point;1
111;TD;SW;upperarm;31;35mm;two points;1
111;TD;SW;upperarm;32;;one point;1
111;TD;SW;upperarm;33;25mm;two points;2
111;TD;SW;upperarm;34;;one point;1
111;TD;SW;upperarm;35;;one point;1
111;TD;SW;upperarm;36;25mm;two points;1
111;TD;SW;upperarm;37;;one point;1
111;TD;SW;upperarm;38;;one point;2
111;TD;SW;upperarm;39;;one point;1
111;TD;SW;upperarm;40;45mm;two points;2
111;TD;SW;upperarm;41;;one point;2
111;TD;SW;upperarm;42;25mm;two points;2
111;TD;SW;upperarm;43;;one point;1
111;TD;SW;upperarm;44;;one point;1
111;TD;SW;upperarm;45;;one point;1
111;TD;SW;upperarm;46;30mm;two points;1
111;TD;SW;upperarm;47;;one point;2
111;TD;SW;upperarm;48;;one point;2
111;TD;SW;upperarm;49;40mm;two points;2
111;TD;SW;upperarm;50;;one point;1
111;TD;SW;upperarm;51;;one point;1
111;TD;SW;upperarm;52;;one point;1
111;TD;SW;upperarm;53;45mm;two points;2
111;TD;SW;upperarm;54;;one point;2
111;TD;SW;upperarm;55;;one point;2
111;TD;SW;upperarm;56;30mm;two points;1
111;TD;SW;upperarm;57;;one point;1
111;TD;SW;upperarm;58;;one point;1
111;TD;SW;upperarm;59;25mm;two points;2
111;TD;SW;upperarm;60;;one point;2
111;TD;SW;upperarm;61;;one point;1
111;TD;SW;upperarm;62;;one point;1
111;TD;SW;upperarm;63;;one point;1
111;TD;SW;upperarm;64;30mm;two points;1
111;TD;SW;upperarm;65;40mm;two points;2
111;TD;SW;upperarm;66;;one point;2
111;TD;SW;upperarm;67;35mm;two points;2
111;TD;SW;upperarm;68;30mm;two points;2
111;TD;SW;upperarm;69;40mm;two points;2
111;TD;SW;upperarm;70;;one point;2
111;TD;SW;upperarm;71;35mm;two points;2
111;TD;SW;upperarm;72;40mm;two points;2
111;TD;SW;upperarm;73;30mm;two points;2
111;TD;SW;upperarm;74;45mm;two points;2
111;TD;SW;upperarm;75;;one point;1
111;TD;SW;upperarm;76;;one point;1
111;TD;SW;upperarm;77;30mm;two points;2
111;TD;SW;upperarm;78;25mm;two points;2
111;TD;SW;upperarm;79;45mm;two points;2
111;TD;SW;upperarm;80;25mm;two points;1
111;TD;SW;upperarm;81;35mm;two points;1
111;TD;SW;upperarm;82;;one point;1
111;TD;SW;upperarm;83;;one point;1
111;TD;SW;upperarm;84;;one point;1
111;TD;SW;upperarm;85;45mm;two points;2
111;TD;SW;upperarm;86;;one point;1
111;TD;SW;upperarm;87;30mm;two points;2
111;TD;SW;upperarm;88;40mm;two points;2
111;TD;SW;upperarm;89;30mm;two points;2
111;TD;SW;upperarm;90;;one point;1
111;TD;SW;upperarm;91;;one point;1
111;TD;SW;upperarm;92;35mm;two points;2
111;TD;SW;upperarm;93;40mm;two points;2
111;TD;SW;upperarm;94;45mm;two points;2
111;TD;SW;upperarm;95;40mm;two points;2
111;TD;SW;upperarm;96;;one point;2
111;TD;SW;upperarm;97;;one point;2
111;TD;SW;upperarm;98;35mm;two points;2
111;TD;SW;upperarm;99;;one point;2
111;TD;SW;upperarm;100;35mm;two points;2
111;TD;SW;upperarm;101;;one point;2
111;TD;SW;upperarm;102;;one point;2
111;TD;SW;upperarm;103;;one point;1
111;TD;SW;upperarm;104;;one point;1
111;TD;SW;upperarm;105;;one point;1
111;TD;SW;upperarm;106;;one point;1
111;TD;SW;upperarm;107;;one point;1
111;TD;SW;upperarm;108;40mm;two points;2
111;TD;SW;upperarm;109;;one point;2
111;TD;SW;upperarm;110;25mm;two points;2
111;TD;SW;upperarm;111;;one point;1
111;TD;SW;upperarm;112;25mm;two points;1
111;TD;SW;upperarm;113;25mm;two points;2
111;TD;SW;upperarm;114;45mm;two points;2
111;TD;SW;upperarm;115;;one point;2
111;TD;SW;upperarm;116;;one point;2
111;TD;SW;upperarm;117;;one point;2
111;TD;SW;upperarm;118;35mm;two points;2
111;TD;SW;upperarm;119;35mm;two points;2
111;TD;SW;upperarm;120;25mm;two points;1
pls;j1;mans;fingertip;1;;one point;1
pls;j2;mans;fingertip;2;4mm;two points;2
pls;j3;mans;fingertip;3;4mm;two points;2
pls;j4;mans;fingertip;4;5mm;two points;2
pls;j5;mans;fingertip;5;4mm;two points;2
pls;j6;mans;fingertip;6;;one point;1
pls;j7;mans;fingertip;7;4mm;two points;2
pls;j8;mans;fingertip;8;4mm;two points;1
pls;j9;mans;fingertip;9;;one point;1
pls;j10;mans;fingertip;10;5mm;two points;2
pls;j11;mans;fingertip;11;2mm;two points;2
pls;j12;mans;fingertip;12;;one point;1
pls;j13;mans;fingertip;13;4mm;two points;2
pls;j14;mans;fingertip;14;;one point;1
pls;j15;mans;fingertip;15;1mm;two points;2
pls;j16;mans;fingertip;16;3mm;two points;2
pls;j17;mans;fingertip;17;;one point;1
pls;j18;mans;fingertip;18;;one point;1
pls;j19;mans;fingertip;19;;one point;1
pls;j20;mans;fingertip;20;3mm;two points;2
pls;j21;mans;fingertip;21;;one point;1
pls;j22;mans;fingertip;22;3mm;two points;2
pls;j23;mans;fingertip;23;;one point;1
pls;j24;mans;fingertip;24;5mm;two points;2
pls;j25;mans;fingertip;25;;one point;1
pls;j26;mans;fingertip;26;;one point;1
pls;j27;mans;fingertip;27;;one point;1
pls;j28;mans;fingertip;28;3mm;two points;2
pls;j29;mans;fingertip;29;;one point;1
pls;j30;mans;fingertip;30;;one point;1
pls;j31;mans;fingertip;31;1mm;two points;2
pls;j32;mans;fingertip;32;;one point;1
pls;j33;mans;fingertip;33;2mm;two points;2
pls;j34;mans;fingertip;34;;one point;1
pls;j35;mans;fingertip;35;3mm;two points;2
pls;j36;mans;fingertip;36;2mm;two points;2
pls;j37;mans;fingertip;37;3mm;two points;2
pls;j38;mans;fingertip;38;;one point;1
pls;j39;mans;fingertip;39;3mm;two points;2
pls;j40;mans;fingertip;40;2mm;two points;2
pls;j41;mans;fingertip;41;;one point;1
pls;j42;mans;fingertip;42;;one point;1
pls;j43;mans;fingertip;43;;one point;1
pls;j44;mans;fingertip;44;1mm;two points;2
pls;j45;mans;fingertip;45;3mm;two points;2
pls;j46;mans;fingertip;46;3mm;two points;2
pls;j47;mans;fingertip;47;1mm;two points;2
pls;j48;mans;fingertip;48;2mm;two points;2
pls;j49;mans;fingertip;49;;one point;1
pls;j50;mans;fingertip;50;5mm;two points;2
pls;j51;mans;fingertip;51;;one point;1
pls;j52;mans;fingertip;52;;one point;1
pls;j53;mans;fingertip;53;;one point;1
pls;j54;mans;fingertip;54;4mm;two points;2
pls;j55;mans;fingertip;55;1mm;two points;1
pls;j56;mans;fingertip;56;;one point;1
pls;j57;mans;fingertip;57;5mm;two points;2
pls;j58;mans;fingertip;58;2mm;two points;2
pls;j59;mans;fingertip;59;;one point;1
pls;j60;mans;fingertip;60;;one point;1
pls;j61;mans;fingertip;61;;one point;1
pls;j62;mans;fingertip;62;;one point;1
pls;j63;mans;fingertip;63;2mm;two points;2
pls;j64;mans;fingertip;64;2mm;two points;2
pls;j65;mans;fingertip;65;2mm;two points;2
pls;j66;mans;fingertip;66;;one point;2
pls;j67;mans;fingertip;67;;one point;1
pls;j68;mans;fingertip;68;1mm;two points;2
pls;j69;mans;fingertip;69;;one point;1
pls;j70;mans;fingertip;70;;one point;1
pls;j71;mans;fingertip;71;;one point;1
pls;j72;mans;fingertip;72;2mm;two points;2
pls;j73;mans;fingertip;73;2mm;two points;2
pls;j74;mans;fingertip;74;1mm;two points;2
pls;j75;mans;fingertip;75;;one point;1
pls;j76;mans;fingertip;76;;one point;1
pls;j77;mans;fingertip;77;5mm;two points;2
pls;j78;mans;fingertip;78;5mm;two points;2
pls;j79;mans;fingertip;79;;one point;1
pls;j80;mans;fingertip;80;1mm;two points;2
pls;j81;mans;fingertip;81;4mm;two points;2
pls;j82;mans;fingertip;82;2mm;two points;2
pls;j83;mans;fingertip;83;;one point;1
pls;j84;mans;fingertip;84;1mm;two points;2
pls;j85;mans;fingertip;85;;one point;1
pls;j86;mans;fingertip;86;5mm;two points;2
pls;j87;mans;fingertip;87;;one point;1
pls;j88;mans;fingertip;88;;one point;1
pls;j89;mans;fingertip;89;5mm;two points;2
pls;j90;mans;fingertip;90;;one point;1
pls;j91;mans;fingertip;91;;one point;1
pls;j92;mans;fingertip;92;4mm;two points;2
pls;j93;mans;fingertip;93;;one point;1
pls;j94;mans;fingertip;94;4mm;two points;2
pls;j95;mans;fingertip;95;;one point;1
pls;j96;mans;fingertip;96;3mm;two points;2
pls;j97;mans;fingertip;97;;one point;1
pls;j98;mans;fingertip;98;;one point;1
pls;j99;mans;fingertip;99;3mm;two points;2
pls;j100;mans;fingertip;100;;one point;1
pls;j101;mans;fingertip;101;;one point;1
pls;j102;mans;fingertip;102;;one point;1
pls;j103;mans;fingertip;103;5mm;two points;2
pls;j104;mans;fingertip;104;;one point;1
pls;j105;mans;fingertip;105;;one point;1
pls;j106;mans;fingertip;106;;one point;1
pls;j107;mans;fingertip;107;;one point;1
pls;j108;mans;fingertip;108;3mm;two points;2
pls;j109;mans;fingertip;109;5mm;two points;2
pls;j110;mans;fingertip;110;4mm;two points;2
pls;j111;mans;fingertip;111;1mm;two points;2
pls;j112;mans;fingertip;112;5mm;two points;2
pls;j113;mans;fingertip;113;1mm;two points;2
pls;j114;mans;fingertip;114;;one point;1
pls;j115;mans;fingertip;115;;one point;1
pls;j116;mans;fingertip;116;;one point;1
pls;j117;mans;fingertip;117;4mm;two points;2
pls;j118;mans;fingertip;118;;one point;1
pls;j119;mans;fingertip;119;1mm;two points;1
pls;j120;mans;fingertip;120;;one point;1
pls;j121;mans;upperarm;1;;one point;1
pls;j122;mans;upperarm;2;45mm;two points;1
pls;j123;mans;upperarm;3;;one point;1
pls;j124;mans;upperarm;4;30mm;two points;1
pls;j125;mans;upperarm;5;35mm;two points;1
pls;j126;mans;upperarm;6;35mm;two points;1
pls;j127;mans;upperarm;7;;one point;1
pls;j128;mans;upperarm;8;40mm;two points;1
pls;j129;mans;upperarm;9;35mm;two points;1
pls;j130;mans;upperarm;10;40mm;two points;1
pls;j131;mans;upperarm;11;45mm;two points;2
pls;j132;mans;upperarm;12;30mm;two points;2
pls;j133;mans;upperarm;13;;one point;1
pls;j134;mans;upperarm;14;;one point;1
pls;j135;mans;upperarm;15;45mm;two points;1
pls;j136;mans;upperarm;16;;one point;1
pls;j137;mans;upperarm;17;;one point;1
pls;j138;mans;upperarm;18;40mm;two points;1
pls;j139;mans;upperarm;19;25mm;two points;1
pls;j140;mans;upperarm;20;30mm;two points;1
pls;j141;mans;upperarm;21;45mm;two points;1
pls;j142;mans;upperarm;22;25mm;two points;1
pls;j143;mans;upperarm;23;40mm;two points;1
pls;j144;mans;upperarm;24;30mm;two points;1
pls;j145;mans;upperarm;25;45mm;two points;1
pls;j146;mans;upperarm;26;;one point;1
pls;j147;mans;upperarm;27;;one point;1
pls;j148;mans;upperarm;28;;one point;1
pls;j149;mans;upperarm;29;;one point;1
pls;j150;mans;upperarm;30;;one point;1
pls;j151;mans;upperarm;31;35mm;two points;1
pls;j152;mans;upperarm;32;;one point;1
pls;j153;mans;upperarm;33;25mm;two points;1
pls;j154;mans;upperarm;34;;one point;1
pls;j155;mans;upperarm;35;;one point;1
pls;j156;mans;upperarm;36;25mm;two points;2
pls;j157;mans;upperarm;37;;one point;1
pls;j158;mans;upperarm;38;;one point;1
pls;j159;mans;upperarm;39;;one point;2
pls;j160;mans;upperarm;40;45mm;two points;1
pls;j161;mans;upperarm;41;;one point;1
pls;j162;mans;upperarm;42;25mm;two points;1
pls;j163;mans;upperarm;43;;one point;1
pls;j164;mans;upperarm;44;;one point;1
pls;j165;mans;upperarm;45;;one point;1
pls;j166;mans;upperarm;46;30mm;two points;2
pls;j167;mans;upperarm;47;;one point;1
pls;j168;mans;upperarm;48;;one point;1
pls;j169;mans;upperarm;49;40mm;two points;2
pls;j170;mans;upperarm;50;;one point;1
pls;j171;mans;upperarm;51;;one point;1
pls;j172;mans;upperarm;52;;one point;1
pls;j173;mans;upperarm;53;45mm;two points;1
pls;j174;mans;upperarm;54;;one point;1
pls;j175;mans;upperarm;55;;one point;1
pls;j176;mans;upperarm;56;30mm;two points;2
pls;j177;mans;upperarm;57;;one point;1
pls;j178;mans;upperarm;58;;one point;2
pls;j179;mans;upperarm;59;25mm;two points;1
pls;j180;mans;upperarm;60;;one point;1
pls;j181;mans;upperarm;61;;one point;1
pls;j182;mans;upperarm;62;;one point;1
pls;j183;mans;upperarm;63;;one point;1
pls;j184;mans;upperarm;64;30mm;two points;1
pls;j185;mans;upperarm;65;40mm;two points;1
pls;j186;mans;upperarm;66;;one point;1
pls;j187;mans;upperarm;67;35mm;two points;1
pls;j188;mans;upperarm;68;30mm;two points;1
pls;j189;mans;upperarm;69;40mm;two points;1
pls;j190;mans;upperarm;70;;one point;1
pls;j191;mans;upperarm;71;35mm;two points;1
pls;j192;mans;upperarm;72;40mm;two points;2
pls;j193;mans;upperarm;73;30mm;two points;1
pls;j194;mans;upperarm;74;45mm;two points;1
pls;j195;mans;upperarm;75;;one point;1
pls;j196;mans;upperarm;76;;one point;1
pls;j197;mans;upperarm;77;30mm;two points;1
pls;j198;mans;upperarm;78;25mm;two points;2
pls;j199;mans;upperarm;79;45mm;two points;2
pls;j200;mans;upperarm;80;25mm;two points;1
pls;j201;mans;upperarm;81;35mm;two points;1
pls;j202;mans;upperarm;82;;one point;1
pls;j203;mans;upperarm;83;;one point;1
pls;j204;mans;upperarm;84;;one point;1
pls;j205;mans;upperarm;85;45mm;two points;1
pls;j206;mans;upperarm;86;;one point;1
pls;j207;mans;upperarm;87;30mm;two points;1
pls;j208;mans;upperarm;88;40mm;two points;1
pls;j209;mans;upperarm;89;30mm;two points;1
pls;j210;mans;upperarm;90;;one point;1
pls;j211;mans;upperarm;91;;one point;1
pls;j212;mans;upperarm;92;35mm;two points;1
pls;j213;mans;upperarm;93;40mm;two points;1
pls;j214;mans;upperarm;94;45mm;two points;2
pls;j215;mans;upperarm;95;40mm;two points;2
pls;j216;mans;upperarm;96;;one point;1
pls;j217;mans;upperarm;97;;one point;2
pls;j218;mans;upperarm;98;35mm;two points;1
pls;j219;mans;upperarm;99;;one point;1
pls;j220;mans;upperarm;100;35mm;two points;1
pls;j221;mans;upperarm;101;;one point;1
pls;j222;mans;upperarm;102;;one point;1
pls;j223;mans;upperarm;103;;one point;1
pls;j224;mans;upperarm;104;;one point;1
pls;j225;mans;upperarm;105;;one point;1
pls;j226;mans;upperarm;106;;one point;1
pls;j227;mans;upperarm;107;;one point;2
pls;j228;mans;upperarm;108;40mm;two points;2
pls;j229;mans;upperarm;109;;one point;1
pls;j230;mans;upperarm;110;25mm;two points;1
pls;j231;mans;upperarm;111;;one point;1
pls;j232;mans;upperarm;112;25mm;two points;2
pls;j233;mans;upperarm;113;25mm;two points;1
pls;j234;mans;upperarm;114;45mm;two points;2
pls;j235;mans;upperarm;115;;one point;1
pls;j236;mans;upperarm;116;;one point;2
pls;j237;mans;upperarm;117;;one point;1
pls;j238;mans;upperarm;118;35mm;two points;2
pls;j239;mans;upperarm;119;35mm;two points;1
pls;j240;mans;upperarm;120;25mm;two points;1